SET IDENTITY_INSERT [dbo].[Attachments] ON
INSERT INTO [dbo].[Attachments] ([Id], [File], [Procedure_Id]) VALUES (1, N'Analízis modell - kórházadminisztráció kommunikációs diagrammok.docx', 5)
INSERT INTO [dbo].[Attachments] ([Id], [File], [Procedure_Id]) VALUES (2, N'images4.jpg', 2)
INSERT INTO [dbo].[Attachments] ([Id], [File], [Procedure_Id]) VALUES (3, N'2016_irtech_jkonyv_2_E1E8VW.docx', 2)
INSERT INTO [dbo].[Attachments] ([Id], [File], [Procedure_Id]) VALUES (4, N'2016_irtech_jkonyv_2_E1E8VW.pdf', 2)
INSERT INTO [dbo].[Attachments] ([Id], [File], [Procedure_Id]) VALUES (5, N'images2.jpg', 2)
INSERT INTO [dbo].[Attachments] ([Id], [File], [Procedure_Id]) VALUES (6, N'images4.jpg', 3)
INSERT INTO [dbo].[Attachments] ([Id], [File], [Procedure_Id]) VALUES (7, N'2016_irtech_jkonyv_2_E1E8VW.docx', 3)
INSERT INTO [dbo].[Attachments] ([Id], [File], [Procedure_Id]) VALUES (8, N'2016_irtech_jkonyv_2_E1E8VW.pdf', 3)
INSERT INTO [dbo].[Attachments] ([Id], [File], [Procedure_Id]) VALUES (9, N'images2.jpg', 5)
INSERT INTO [dbo].[Attachments] ([Id], [File], [Procedure_Id]) VALUES (10, N'images.jpg', 9)
INSERT INTO [dbo].[Attachments] ([Id], [File], [Procedure_Id]) VALUES (11, N'sípcsontröntgen.jpg', 11)
SET IDENTITY_INSERT [dbo].[Attachments] OFF
===========================================================================================================================
SET IDENTITY_INSERT [dbo].[Departments] ON
INSERT INTO [dbo].[Departments] ([Id], [Name], [Email], [Phone], [Web], [Manager_Username], [Hospital_Id]) VALUES (2, N'Sebészet', N'sebeszet@hubasky.hu', N'+3612345678', N'www.hubasky.hu/sebeszet', N'kovacsaladar', 1)
INSERT INTO [dbo].[Departments] ([Id], [Name], [Email], [Phone], [Web], [Manager_Username], [Hospital_Id]) VALUES (3, N'Pszichológia', N'pszichologia@hubasky.hu', N'+3614345643', N'www.hubasky.hu/pszichologia', N'hanniball', 1)
INSERT INTO [dbo].[Departments] ([Id], [Name], [Email], [Phone], [Web], [Manager_Username], [Hospital_Id]) VALUES (4, N'Plasztika', N'plasztika@hubasky.hu', N'+3614345612', N'www.hubasky.hu/plasztika', N'felvary', 1)
INSERT INTO [dbo].[Departments] ([Id], [Name], [Email], [Phone], [Web], [Manager_Username], [Hospital_Id]) VALUES (5, N'Általános', N'altalanos@hubasky.hu', N'+3614345635', N'www.hubasky.hu/altalanos', N'felvagf', 1)
INSERT INTO [dbo].[Departments] ([Id], [Name], [Email], [Phone], [Web], [Manager_Username], [Hospital_Id]) VALUES (10, N'Teszt Főosztály', N'-', N'-', N'-', NULL, 1)
SET IDENTITY_INSERT [dbo].[Departments] OFF
===========================================================================================================================
INSERT INTO [dbo].[Employees] ([Username], [Password], [Salary], [Role], [Name], [Phone], [Address], [DateOfBirth], [Department_Id], [Ward_Id], [Hospital_Id]) VALUES (N'admin', N'03ac674216f3e15c761ee1a5e255f067953623c8b388b4459e13f978d7c846f4', 100000, 4, N'Adminisztrátor', N'-', N'-', N'-', NULL, NULL, 1)
INSERT INTO [dbo].[Employees] ([Username], [Password], [Salary], [Role], [Name], [Phone], [Address], [DateOfBirth], [Department_Id], [Ward_Id], [Hospital_Id]) VALUES (N'data', N'03ac674216f3e15c761ee1a5e255f067953623c8b388b4459e13f978d7c846f4', 100000, 3, N'Adatrögzítő', N'-', N'-', N'-', NULL, NULL, 1)
INSERT INTO [dbo].[Employees] ([Username], [Password], [Salary], [Role], [Name], [Phone], [Address], [DateOfBirth], [Department_Id], [Ward_Id], [Hospital_Id]) VALUES (N'doctor', N'03ac674216f3e15c761ee1a5e255f067953623c8b388b4459e13f978d7c846f4', 100000, 0, N'Orvos', N'-', N'-', N'-', NULL, NULL, 1)
INSERT INTO [dbo].[Employees] ([Username], [Password], [Salary], [Role], [Name], [Phone], [Address], [DateOfBirth], [Department_Id], [Ward_Id], [Hospital_Id]) VALUES (N'felvagf', N'03ac674216f3e15c761ee1a5e255f067953623c8b388b4459e13f978d7c846f4', 500000, 1, N'Dr. Felvág Ferenc', N'+36707778889', N'1111 Budapest, Káró köz 21', N'1980.05.17', 5, NULL, NULL)
INSERT INTO [dbo].[Employees] ([Username], [Password], [Salary], [Role], [Name], [Phone], [Address], [DateOfBirth], [Department_Id], [Ward_Id], [Hospital_Id]) VALUES (N'felvary', N'03ac674216f3e15c761ee1a5e255f067953623c8b388b4459e13f978d7c846f4', 600000, 0, N'Dr. Felvar Yuk', N'+36203211235', N'1023 Budapest, Sehol utca 41', N'1968.07.12.', 4, NULL, NULL)
INSERT INTO [dbo].[Employees] ([Username], [Password], [Salary], [Role], [Name], [Phone], [Address], [DateOfBirth], [Department_Id], [Ward_Id], [Hospital_Id]) VALUES (N'gyorgy', N'03ac674216f3e15c761ee1a5e255f067953623c8b388b4459e13f978d7c846f4', 100000, 0, N'Gyógyító György', N'123', N'123', N'1332', NULL, 10, NULL)
INSERT INTO [dbo].[Employees] ([Username], [Password], [Salary], [Role], [Name], [Phone], [Address], [DateOfBirth], [Department_Id], [Ward_Id], [Hospital_Id]) VALUES (N'hanniball', N'03ac674216f3e15c761ee1a5e255f067953623c8b388b4459e13f978d7c846f4', 666666, 3, N'Dr. Hannibal Lecter', N'+3630666333', N'Litvánia', N'1933.06.17.', 3, NULL, NULL)
INSERT INTO [dbo].[Employees] ([Username], [Password], [Salary], [Role], [Name], [Phone], [Address], [DateOfBirth], [Department_Id], [Ward_Id], [Hospital_Id]) VALUES (N'kovacsaladar', N'03ac674216f3e15c761ee1a5e255f067953623c8b388b4459e13f978d7c846f4', 450000, 0, N'Dr. Kovács Aladár', N'+36302134567', N'1083 Budapest, Kossuth utca 73', N'1960.02.27.', 2, NULL, NULL)
INSERT INTO [dbo].[Employees] ([Username], [Password], [Salary], [Role], [Name], [Phone], [Address], [DateOfBirth], [Department_Id], [Ward_Id], [Hospital_Id]) VALUES (N'labor', N'03ac674216f3e15c761ee1a5e255f067953623c8b388b4459e13f978d7c846f4', 100000, 2, N'Labortechnikus', N'-', N'-', N'-', NULL, NULL, 1)
INSERT INTO [dbo].[Employees] ([Username], [Password], [Salary], [Role], [Name], [Phone], [Address], [DateOfBirth], [Department_Id], [Ward_Id], [Hospital_Id]) VALUES (N'nurse', N'03ac674216f3e15c761ee1a5e255f067953623c8b388b4459e13f978d7c846f4', 100000, 1, N'Ápoló', N'-', N'-', N'-', NULL, NULL, 1)
INSERT INTO [dbo].[Employees] ([Username], [Password], [Salary], [Role], [Name], [Phone], [Address], [DateOfBirth], [Department_Id], [Ward_Id], [Hospital_Id]) VALUES (N'roli', N'03ac674216f3e15c761ee1a5e255f067953623c8b388b4459e13f978d7c846f4', 185000, 2, N'Radiológus Roland', N'+36208885544', N'1234 Budapest, Teszt utca 5.', N'1973.11.15.', NULL, 21, NULL)
INSERT INTO [dbo].[Employees] ([Username], [Password], [Salary], [Role], [Name], [Phone], [Address], [DateOfBirth], [Department_Id], [Ward_Id], [Hospital_Id]) VALUES (N'tesztt', N'03ac674216f3e15c761ee1a5e255f067953623c8b388b4459e13f978d7c846f4', 350000, 0, N'Dr. Teszt Tihamér', N'+3670325897', N'1111 Budapest, Hubasky köz 43', N'1975.08.12.', 3, NULL, NULL)
INSERT INTO [dbo].[Employees] ([Username], [Password], [Salary], [Role], [Name], [Phone], [Address], [DateOfBirth], [Department_Id], [Ward_Id], [Hospital_Id]) VALUES (N'tesztuser0', N'1234', 0, 0, NULL, NULL, NULL, NULL, NULL, NULL, NULL)
INSERT INTO [dbo].[Employees] ([Username], [Password], [Salary], [Role], [Name], [Phone], [Address], [DateOfBirth], [Department_Id], [Ward_Id], [Hospital_Id]) VALUES (N'tesztuser1', N'1234', 0, 0, NULL, NULL, NULL, NULL, NULL, NULL, NULL)
INSERT INTO [dbo].[Employees] ([Username], [Password], [Salary], [Role], [Name], [Phone], [Address], [DateOfBirth], [Department_Id], [Ward_Id], [Hospital_Id]) VALUES (N'tesztuser10', N'1234', 0, 0, NULL, NULL, NULL, NULL, NULL, NULL, NULL)
INSERT INTO [dbo].[Employees] ([Username], [Password], [Salary], [Role], [Name], [Phone], [Address], [DateOfBirth], [Department_Id], [Ward_Id], [Hospital_Id]) VALUES (N'tesztuser11', N'1234', 0, 0, NULL, NULL, NULL, NULL, NULL, NULL, NULL)
INSERT INTO [dbo].[Employees] ([Username], [Password], [Salary], [Role], [Name], [Phone], [Address], [DateOfBirth], [Department_Id], [Ward_Id], [Hospital_Id]) VALUES (N'tesztuser12', N'1234', 0, 0, NULL, NULL, NULL, NULL, NULL, NULL, NULL)
INSERT INTO [dbo].[Employees] ([Username], [Password], [Salary], [Role], [Name], [Phone], [Address], [DateOfBirth], [Department_Id], [Ward_Id], [Hospital_Id]) VALUES (N'tesztuser13', N'1234', 0, 0, NULL, NULL, NULL, NULL, NULL, NULL, NULL)
INSERT INTO [dbo].[Employees] ([Username], [Password], [Salary], [Role], [Name], [Phone], [Address], [DateOfBirth], [Department_Id], [Ward_Id], [Hospital_Id]) VALUES (N'tesztuser14', N'1234', 0, 0, NULL, NULL, NULL, NULL, NULL, NULL, NULL)
INSERT INTO [dbo].[Employees] ([Username], [Password], [Salary], [Role], [Name], [Phone], [Address], [DateOfBirth], [Department_Id], [Ward_Id], [Hospital_Id]) VALUES (N'tesztuser15', N'1234', 0, 0, NULL, NULL, NULL, NULL, NULL, NULL, NULL)
INSERT INTO [dbo].[Employees] ([Username], [Password], [Salary], [Role], [Name], [Phone], [Address], [DateOfBirth], [Department_Id], [Ward_Id], [Hospital_Id]) VALUES (N'tesztuser16', N'1234', 0, 0, NULL, NULL, NULL, NULL, NULL, NULL, NULL)
INSERT INTO [dbo].[Employees] ([Username], [Password], [Salary], [Role], [Name], [Phone], [Address], [DateOfBirth], [Department_Id], [Ward_Id], [Hospital_Id]) VALUES (N'tesztuser17', N'1234', 0, 0, NULL, NULL, NULL, NULL, NULL, NULL, NULL)
INSERT INTO [dbo].[Employees] ([Username], [Password], [Salary], [Role], [Name], [Phone], [Address], [DateOfBirth], [Department_Id], [Ward_Id], [Hospital_Id]) VALUES (N'tesztuser18', N'1234', 0, 0, NULL, NULL, NULL, NULL, NULL, NULL, NULL)
INSERT INTO [dbo].[Employees] ([Username], [Password], [Salary], [Role], [Name], [Phone], [Address], [DateOfBirth], [Department_Id], [Ward_Id], [Hospital_Id]) VALUES (N'tesztuser19', N'1234', 0, 0, NULL, NULL, NULL, NULL, NULL, NULL, NULL)
INSERT INTO [dbo].[Employees] ([Username], [Password], [Salary], [Role], [Name], [Phone], [Address], [DateOfBirth], [Department_Id], [Ward_Id], [Hospital_Id]) VALUES (N'tesztuser2', N'1234', 0, 0, NULL, NULL, NULL, NULL, NULL, NULL, NULL)
INSERT INTO [dbo].[Employees] ([Username], [Password], [Salary], [Role], [Name], [Phone], [Address], [DateOfBirth], [Department_Id], [Ward_Id], [Hospital_Id]) VALUES (N'tesztuser20', N'1234', 0, 0, NULL, NULL, NULL, NULL, NULL, NULL, NULL)
INSERT INTO [dbo].[Employees] ([Username], [Password], [Salary], [Role], [Name], [Phone], [Address], [DateOfBirth], [Department_Id], [Ward_Id], [Hospital_Id]) VALUES (N'tesztuser21', N'1234', 0, 0, NULL, NULL, NULL, NULL, NULL, NULL, NULL)
INSERT INTO [dbo].[Employees] ([Username], [Password], [Salary], [Role], [Name], [Phone], [Address], [DateOfBirth], [Department_Id], [Ward_Id], [Hospital_Id]) VALUES (N'tesztuser22', N'1234', 0, 0, NULL, NULL, NULL, NULL, NULL, NULL, NULL)
INSERT INTO [dbo].[Employees] ([Username], [Password], [Salary], [Role], [Name], [Phone], [Address], [DateOfBirth], [Department_Id], [Ward_Id], [Hospital_Id]) VALUES (N'tesztuser23', N'1234', 0, 0, NULL, NULL, NULL, NULL, NULL, NULL, NULL)
INSERT INTO [dbo].[Employees] ([Username], [Password], [Salary], [Role], [Name], [Phone], [Address], [DateOfBirth], [Department_Id], [Ward_Id], [Hospital_Id]) VALUES (N'tesztuser24', N'1234', 0, 0, NULL, NULL, NULL, NULL, NULL, NULL, NULL)
INSERT INTO [dbo].[Employees] ([Username], [Password], [Salary], [Role], [Name], [Phone], [Address], [DateOfBirth], [Department_Id], [Ward_Id], [Hospital_Id]) VALUES (N'tesztuser3', N'1234', 0, 0, NULL, NULL, NULL, NULL, NULL, NULL, NULL)
INSERT INTO [dbo].[Employees] ([Username], [Password], [Salary], [Role], [Name], [Phone], [Address], [DateOfBirth], [Department_Id], [Ward_Id], [Hospital_Id]) VALUES (N'tesztuser4', N'1234', 0, 0, NULL, NULL, NULL, NULL, NULL, NULL, NULL)
INSERT INTO [dbo].[Employees] ([Username], [Password], [Salary], [Role], [Name], [Phone], [Address], [DateOfBirth], [Department_Id], [Ward_Id], [Hospital_Id]) VALUES (N'tesztuser5', N'1234', 0, 0, NULL, NULL, NULL, NULL, NULL, NULL, NULL)
INSERT INTO [dbo].[Employees] ([Username], [Password], [Salary], [Role], [Name], [Phone], [Address], [DateOfBirth], [Department_Id], [Ward_Id], [Hospital_Id]) VALUES (N'tesztuser6', N'1234', 0, 0, NULL, NULL, NULL, NULL, NULL, NULL, NULL)
INSERT INTO [dbo].[Employees] ([Username], [Password], [Salary], [Role], [Name], [Phone], [Address], [DateOfBirth], [Department_Id], [Ward_Id], [Hospital_Id]) VALUES (N'tesztuser7', N'1234', 0, 0, NULL, NULL, NULL, NULL, NULL, NULL, NULL)
INSERT INTO [dbo].[Employees] ([Username], [Password], [Salary], [Role], [Name], [Phone], [Address], [DateOfBirth], [Department_Id], [Ward_Id], [Hospital_Id]) VALUES (N'tesztuser8', N'1234', 0, 0, NULL, NULL, NULL, NULL, NULL, NULL, NULL)
INSERT INTO [dbo].[Employees] ([Username], [Password], [Salary], [Role], [Name], [Phone], [Address], [DateOfBirth], [Department_Id], [Ward_Id], [Hospital_Id]) VALUES (N'tesztuser9', N'1234', 0, 0, NULL, NULL, NULL, NULL, NULL, NULL, NULL)
===========================================================================================================================
SET IDENTITY_INSERT [dbo].[Hospitals] ON
INSERT INTO [dbo].[Hospitals] ([Id], [Address], [Name], [Email], [Phone], [Web], [Manager_Username]) VALUES (1, N'1234 Budapest, Gyógyító tér 1.', N'Hubasky Magánkórház', N'info@hubasky.hu', N'+36556667788', N'hubasky.hu', NULL)
SET IDENTITY_INSERT [dbo].[Hospitals] OFF
===========================================================================================================================
SET IDENTITY_INSERT [dbo].[InventoryItems] ON
INSERT INTO [dbo].[InventoryItems] ([Id], [Name], [Quantity], [Unit], [Status]) VALUES (1, N'alginate ag ezüstbevonatos 10x10 cm', 669, 0, 2)
INSERT INTO [dbo].[InventoryItems] ([Id], [Name], [Quantity], [Unit], [Status]) VALUES (2, N'bd mikro-fine fecskendő', 580, 0, 2)
INSERT INTO [dbo].[InventoryItems] ([Id], [Name], [Quantity], [Unit], [Status]) VALUES (3, N'bd mikro-fine tű', 801, 0, 2)
INSERT INTO [dbo].[InventoryItems] ([Id], [Name], [Quantity], [Unit], [Status]) VALUES (4, N'bemosakodó kefe-nylon', 824, 0, 2)
INSERT INTO [dbo].[InventoryItems] ([Id], [Name], [Quantity], [Unit], [Status]) VALUES (5, N'biopszia tű', 377, 0, 2)
INSERT INTO [dbo].[InventoryItems] ([Id], [Name], [Quantity], [Unit], [Status]) VALUES (6, N'biopszia tű dugattyúval', 632, 0, 2)
INSERT INTO [dbo].[InventoryItems] ([Id], [Name], [Quantity], [Unit], [Status]) VALUES (7, N'biztonsági vénakatéter - steril', 665, 0, 2)
INSERT INTO [dbo].[InventoryItems] ([Id], [Name], [Quantity], [Unit], [Status]) VALUES (8, N'bőrkapocs kiszedő egyszerhasználatos', 793, 0, 2)
INSERT INTO [dbo].[InventoryItems] ([Id], [Name], [Quantity], [Unit], [Status]) VALUES (9, N'cardiac marker teszt', 80, 0, 2)
INSERT INTO [dbo].[InventoryItems] ([Id], [Name], [Quantity], [Unit], [Status]) VALUES (10, N'cérna kesztyű', 397, 0, 2)
INSERT INTO [dbo].[InventoryItems] ([Id], [Name], [Quantity], [Unit], [Status]) VALUES (11, N'crp teszt szemikvantitatív', 484, 0, 2)
INSERT INTO [dbo].[InventoryItems] ([Id], [Name], [Quantity], [Unit], [Status]) VALUES (12, N'csecsemőmérleghez papírlepedő, 2 rétegű', 945, 0, 2)
INSERT INTO [dbo].[InventoryItems] ([Id], [Name], [Quantity], [Unit], [Status]) VALUES (13, N'csőhálós kötszer', 832, 0, 2)
INSERT INTO [dbo].[InventoryItems] ([Id], [Name], [Quantity], [Unit], [Status]) VALUES (14, N'diagnosztikai tesztcsík', 896, 0, 2)
INSERT INTO [dbo].[InventoryItems] ([Id], [Name], [Quantity], [Unit], [Status]) VALUES (15, N'dimer teszt', 73, 0, 2)
INSERT INTO [dbo].[InventoryItems] ([Id], [Name], [Quantity], [Unit], [Status]) VALUES (16, N'égési kötszer', 519, 0, 2)
INSERT INTO [dbo].[InventoryItems] ([Id], [Name], [Quantity], [Unit], [Status]) VALUES (17, N'égési kötszer-5x5 cm', 772, 0, 2)
INSERT INTO [dbo].[InventoryItems] ([Id], [Name], [Quantity], [Unit], [Status]) VALUES (18, N'eko nitril kesztyű púdermentes', 312, 0, 2)
INSERT INTO [dbo].[InventoryItems] ([Id], [Name], [Quantity], [Unit], [Status]) VALUES (19, N'előke,zsebes', 776, 0, 2)
INSERT INTO [dbo].[InventoryItems] ([Id], [Name], [Quantity], [Unit], [Status]) VALUES (20, N'fa nyelvlapoc - nem steril', 628, 0, 2)
INSERT INTO [dbo].[InventoryItems] ([Id], [Name], [Quantity], [Unit], [Status]) VALUES (21, N'fa nyelvlapoc - steril', 812, 0, 2)
INSERT INTO [dbo].[InventoryItems] ([Id], [Name], [Quantity], [Unit], [Status]) VALUES (22, N'fecskendő 3 részes tű nélkül - 100 ml cat', 913, 0, 2)
INSERT INTO [dbo].[InventoryItems] ([Id], [Name], [Quantity], [Unit], [Status]) VALUES (23, N'fecskendő 3 részes tű nélkül - 20 ml excentrikus lc', 75, 0, 2)
INSERT INTO [dbo].[InventoryItems] ([Id], [Name], [Quantity], [Unit], [Status]) VALUES (24, N'fecskendő 3 részes tű nélkül - 30 ml llc', 599, 0, 2)
INSERT INTO [dbo].[InventoryItems] ([Id], [Name], [Quantity], [Unit], [Status]) VALUES (25, N'fecskendő 3 részes tű nélkül - 60 ml cat', 206, 0, 2)
INSERT INTO [dbo].[InventoryItems] ([Id], [Name], [Quantity], [Unit], [Status]) VALUES (26, N'fecskendő 3 részes tű nélkül - 60 ml excentrikus lc', 764, 0, 2)
INSERT INTO [dbo].[InventoryItems] ([Id], [Name], [Quantity], [Unit], [Status]) VALUES (27, N'fecskendő 3 részes tű nélkül - 60 ml llc', 395, 0, 2)
INSERT INTO [dbo].[InventoryItems] ([Id], [Name], [Quantity], [Unit], [Status]) VALUES (28, N'fecskendő 3 részes tű nélkül - centrikus lc', 950, 0, 2)
INSERT INTO [dbo].[InventoryItems] ([Id], [Name], [Quantity], [Unit], [Status]) VALUES (29, N'fecskendő 3 részes tűvel 21g - 20 ml excentrikus lc', 587, 0, 2)
INSERT INTO [dbo].[InventoryItems] ([Id], [Name], [Quantity], [Unit], [Status]) VALUES (30, N'fecskendő 3 részes tűvel 23g - 5 ml', 235, 0, 2)
INSERT INTO [dbo].[InventoryItems] ([Id], [Name], [Quantity], [Unit], [Status]) VALUES (31, N'fecskendő 3 részes tűvel, centrikus luer', 118, 0, 2)
INSERT INTO [dbo].[InventoryItems] ([Id], [Name], [Quantity], [Unit], [Status]) VALUES (32, N'félbe hajtható arcmaszk ffp1 szeleppel', 166, 0, 2)
INSERT INTO [dbo].[InventoryItems] ([Id], [Name], [Quantity], [Unit], [Status]) VALUES (33, N'félbe hajtható arcmaszk ffp2', 810, 0, 2)
INSERT INTO [dbo].[InventoryItems] ([Id], [Name], [Quantity], [Unit], [Status]) VALUES (34, N'félbe hajtható arcmaszk ffp2 szeleppel', 906, 0, 2)
INSERT INTO [dbo].[InventoryItems] ([Id], [Name], [Quantity], [Unit], [Status]) VALUES (35, N'félbe hajtható arcmaszk ffp3 szeleppel', 736, 0, 2)
INSERT INTO [dbo].[InventoryItems] ([Id], [Name], [Quantity], [Unit], [Status]) VALUES (36, N'felületfertőtlenítő kendő', 840, 0, 2)
INSERT INTO [dbo].[InventoryItems] ([Id], [Name], [Quantity], [Unit], [Status]) VALUES (37, N'férfi külső katéter - latex, 30 mm átm.', 219, 0, 2)
INSERT INTO [dbo].[InventoryItems] ([Id], [Name], [Quantity], [Unit], [Status]) VALUES (38, N'filmkötszer nedvszívó párnával 5x7 cm-steril', 50, 0, 2)
INSERT INTO [dbo].[InventoryItems] ([Id], [Name], [Quantity], [Unit], [Status]) VALUES (39, N'filmkötszer-6x7 cm-steril', 921, 0, 2)
INSERT INTO [dbo].[InventoryItems] ([Id], [Name], [Quantity], [Unit], [Status]) VALUES (40, N'fob - (okkult vér székletben ) teszt', 567, 0, 2)
INSERT INTO [dbo].[InventoryItems] ([Id], [Name], [Quantity], [Unit], [Status]) VALUES (41, N'fogászati vattarollni', 996, 0, 2)
INSERT INTO [dbo].[InventoryItems] ([Id], [Name], [Quantity], [Unit], [Status]) VALUES (42, N'foley 2-utas katéter - 30 ml-es ballonnal - steril', 58, 0, 2)
INSERT INTO [dbo].[InventoryItems] ([Id], [Name], [Quantity], [Unit], [Status]) VALUES (43, N'foley 2-utas katéter 10 ch - 5 ml-es ballonnal', 862, 0, 2)
INSERT INTO [dbo].[InventoryItems] ([Id], [Name], [Quantity], [Unit], [Status]) VALUES (44, N'foley 3-utas katéter - 30 ml-es ballonnal - steril', 109, 0, 2)
INSERT INTO [dbo].[InventoryItems] ([Id], [Name], [Quantity], [Unit], [Status]) VALUES (45, N'fülre akasztható maszk', 833, 0, 2)
INSERT INTO [dbo].[InventoryItems] ([Id], [Name], [Quantity], [Unit], [Status]) VALUES (46, N'fürdető kesztyű,ujjatlan', 421, 0, 2)
INSERT INTO [dbo].[InventoryItems] ([Id], [Name], [Quantity], [Unit], [Status]) VALUES (47, N'fürdető kesztyű,ujjatlan szappanos', 855, 0, 2)
INSERT INTO [dbo].[InventoryItems] ([Id], [Name], [Quantity], [Unit], [Status]) VALUES (48, N'g26 automata lándzsa', 204, 0, 2)
INSERT INTO [dbo].[InventoryItems] ([Id], [Name], [Quantity], [Unit], [Status]) VALUES (49, N'gelpad - 6cm', 908, 0, 2)
INSERT INTO [dbo].[InventoryItems] ([Id], [Name], [Quantity], [Unit], [Status]) VALUES (50, N'glukóz tesztcsík', 746, 0, 2)
INSERT INTO [dbo].[InventoryItems] ([Id], [Name], [Quantity], [Unit], [Status]) VALUES (51, N'glukóz tesztcsík -vizuális', 70, 0, 2)
INSERT INTO [dbo].[InventoryItems] ([Id], [Name], [Quantity], [Unit], [Status]) VALUES (52, N'gömbtörlő átmérő 15 mm-pamut', 367, 0, 2)
INSERT INTO [dbo].[InventoryItems] ([Id], [Name], [Quantity], [Unit], [Status]) VALUES (53, N'gömbtörlő/buci 30mm', 790, 0, 2)
INSERT INTO [dbo].[InventoryItems] ([Id], [Name], [Quantity], [Unit], [Status]) VALUES (54, N'gumikesztyű - latex', 898, 0, 2)
INSERT INTO [dbo].[InventoryItems] ([Id], [Name], [Quantity], [Unit], [Status]) VALUES (55, N'gumikesztyű - steril', 507, 0, 2)
INSERT INTO [dbo].[InventoryItems] ([Id], [Name], [Quantity], [Unit], [Status]) VALUES (56, N'habkötszer nem tapadó szegéllyel, 10x10 cm', 370, 0, 2)
INSERT INTO [dbo].[InventoryItems] ([Id], [Name], [Quantity], [Unit], [Status]) VALUES (57, N'habkötszer tapadó szegéllyel,14x14cm', 681, 0, 2)
INSERT INTO [dbo].[InventoryItems] ([Id], [Name], [Quantity], [Unit], [Status]) VALUES (58, N'habszivacsos lap', 82, 0, 2)
INSERT INTO [dbo].[InventoryItems] ([Id], [Name], [Quantity], [Unit], [Status]) VALUES (59, N'hagyományos vénakatéter - steril', 961, 0, 2)
INSERT INTO [dbo].[InventoryItems] ([Id], [Name], [Quantity], [Unit], [Status]) VALUES (60, N'hajtogatott kéztörlő - 2 rétegű', 478, 0, 2)
INSERT INTO [dbo].[InventoryItems] ([Id], [Name], [Quantity], [Unit], [Status]) VALUES (61, N'hajtogatott mull lap 5x5cm,nem steril', 234, 0, 2)
INSERT INTO [dbo].[InventoryItems] ([Id], [Name], [Quantity], [Unit], [Status]) VALUES (62, N'hajtogatott papírtörülköző', 851, 0, 2)
INSERT INTO [dbo].[InventoryItems] ([Id], [Name], [Quantity], [Unit], [Status]) VALUES (63, N'hajtogatott pelenka - 33x45 cm', 984, 0, 2)
INSERT INTO [dbo].[InventoryItems] ([Id], [Name], [Quantity], [Unit], [Status]) VALUES (64, N'heliobacter pryori teszt', 758, 0, 2)
INSERT INTO [dbo].[InventoryItems] ([Id], [Name], [Quantity], [Unit], [Status]) VALUES (65, N'hemoglobin és hematocrit mérő', 683, 0, 2)
INSERT INTO [dbo].[InventoryItems] ([Id], [Name], [Quantity], [Unit], [Status]) VALUES (66, N'huzat antidecubitus matrachoz (trevira - 195x85cm)', 352, 0, 2)
INSERT INTO [dbo].[InventoryItems] ([Id], [Name], [Quantity], [Unit], [Status]) VALUES (67, N'hüvely ph tesztcsík', 895, 0, 2)
INSERT INTO [dbo].[InventoryItems] ([Id], [Name], [Quantity], [Unit], [Status]) VALUES (68, N'hydrocolloid 10x10 cm-négyszög', 709, 0, 2)
INSERT INTO [dbo].[InventoryItems] ([Id], [Name], [Quantity], [Unit], [Status]) VALUES (69, N'hydrocolloid 16x17cm-kerekített', 760, 0, 2)
INSERT INTO [dbo].[InventoryItems] ([Id], [Name], [Quantity], [Unit], [Status]) VALUES (70, N'hypor- plast öntapadó,nyújtható pólya 10mx5 cm', 481, 0, 2)
INSERT INTO [dbo].[InventoryItems] ([Id], [Name], [Quantity], [Unit], [Status]) VALUES (71, N'influenza a/b teszt panel( 30 db/doboz)', 715, 0, 2)
INSERT INTO [dbo].[InventoryItems] ([Id], [Name], [Quantity], [Unit], [Status]) VALUES (72, N'infúziós szerelék hólyagcsomagolásban', 270, 0, 2)
INSERT INTO [dbo].[InventoryItems] ([Id], [Name], [Quantity], [Unit], [Status]) VALUES (73, N'injekciós tű - steril', 748, 0, 2)
INSERT INTO [dbo].[InventoryItems] ([Id], [Name], [Quantity], [Unit], [Status]) VALUES (74, N'inzulin fecskendő tűvel', 946, 0, 2)
INSERT INTO [dbo].[InventoryItems] ([Id], [Name], [Quantity], [Unit], [Status]) VALUES (75, N'izület rögzítő cink-oxidos pólya -nem rugalmas (bokára)-14mx5cm', 817, 0, 2)
INSERT INTO [dbo].[InventoryItems] ([Id], [Name], [Quantity], [Unit], [Status]) VALUES (76, N'izület rögzítő cink-oxidos pólya,nem rugalmas,14 m x 2,5 cm-ujjra', 253, 0, 2)
INSERT INTO [dbo].[InventoryItems] ([Id], [Name], [Quantity], [Unit], [Status]) VALUES (77, N'izület rögzítő cink-oxidos pólya,nem rugalmas,-csuklóra(14mx3,8cm)', 681, 0, 2)
INSERT INTO [dbo].[InventoryItems] ([Id], [Name], [Quantity], [Unit], [Status]) VALUES (78, N'katéter - férfi - 38 cm - steril', 959, 0, 2)
INSERT INTO [dbo].[InventoryItems] ([Id], [Name], [Quantity], [Unit], [Status]) VALUES (79, N'katéter - női - 18 cm - steril', 307, 0, 2)
INSERT INTO [dbo].[InventoryItems] ([Id], [Name], [Quantity], [Unit], [Status]) VALUES (80, N'katéterező készlet - steril', 960, 0, 2)
INSERT INTO [dbo].[InventoryItems] ([Id], [Name], [Quantity], [Unit], [Status]) VALUES (81, N'kenőcsös öntapadó pólya 10cmx5m', 503, 0, 2)
INSERT INTO [dbo].[InventoryItems] ([Id], [Name], [Quantity], [Unit], [Status]) VALUES (82, N'kesztyű extra hosszú - 400 mm', 426, 0, 2)
INSERT INTO [dbo].[InventoryItems] ([Id], [Name], [Quantity], [Unit], [Status]) VALUES (83, N'kétoldalas ragasztó 2x15x0,5cm', 994, 0, 2)
INSERT INTO [dbo].[InventoryItems] ([Id], [Name], [Quantity], [Unit], [Status]) VALUES (84, N'kéz-bőr felületfertőtlenítő kendő munkaoldattal', 790, 0, 2)
INSERT INTO [dbo].[InventoryItems] ([Id], [Name], [Quantity], [Unit], [Status]) VALUES (85, N'kéz-bőr, felületfertőtlenítő kendő', 528, 0, 2)
INSERT INTO [dbo].[InventoryItems] ([Id], [Name], [Quantity], [Unit], [Status]) VALUES (86, N'kéztörlő - 2 rétegű', 439, 0, 2)
INSERT INTO [dbo].[InventoryItems] ([Id], [Name], [Quantity], [Unit], [Status]) VALUES (87, N'kloroprén szintetikus kesztyű', 436, 0, 2)
INSERT INTO [dbo].[InventoryItems] ([Id], [Name], [Quantity], [Unit], [Status]) VALUES (88, N'kokain teszt- vizelet tesztcsík', 906, 0, 2)
INSERT INTO [dbo].[InventoryItems] ([Id], [Name], [Quantity], [Unit], [Status]) VALUES (89, N'koleszterin tesztcsík', 326, 0, 2)
INSERT INTO [dbo].[InventoryItems] ([Id], [Name], [Quantity], [Unit], [Status]) VALUES (90, N'köldökzsinor csipesz', 484, 0, 2)
INSERT INTO [dbo].[InventoryItems] ([Id], [Name], [Quantity], [Unit], [Status]) VALUES (91, N'kötszer tekercsben', 163, 0, 2)
INSERT INTO [dbo].[InventoryItems] ([Id], [Name], [Quantity], [Unit], [Status]) VALUES (92, N'krepp papírlepedő 2 rétegű - 50m x 50cm', 906, 0, 2)
INSERT INTO [dbo].[InventoryItems] ([Id], [Name], [Quantity], [Unit], [Status]) VALUES (93, N'lactate tesztcsík', 588, 0, 2)
INSERT INTO [dbo].[InventoryItems] ([Id], [Name], [Quantity], [Unit], [Status]) VALUES (94, N'laparatomiás szivacs géz', 402, 0, 2)
INSERT INTO [dbo].[InventoryItems] ([Id], [Name], [Quantity], [Unit], [Status]) VALUES (95, N'larongoszlóp nyél száloptikás', 886, 0, 2)
INSERT INTO [dbo].[InventoryItems] ([Id], [Name], [Quantity], [Unit], [Status]) VALUES (96, N'latex gumiujj', 797, 0, 2)
INSERT INTO [dbo].[InventoryItems] ([Id], [Name], [Quantity], [Unit], [Status]) VALUES (97, N'latex kesztyű', 152, 0, 2)
INSERT INTO [dbo].[InventoryItems] ([Id], [Name], [Quantity], [Unit], [Status]) VALUES (98, N'latex kesztyű - púdermentes', 319, 0, 2)
INSERT INTO [dbo].[InventoryItems] ([Id], [Name], [Quantity], [Unit], [Status]) VALUES (99, N'latex kesztyű extra hosszú', 239, 0, 2)
INSERT INTO [dbo].[InventoryItems] ([Id], [Name], [Quantity], [Unit], [Status]) VALUES (100, N'leszívó katéter - 50 cm - steril', 51, 0, 2)
INSERT INTO [dbo].[InventoryItems] ([Id], [Name], [Quantity], [Unit], [Status]) VALUES (101, N'leszívó katéter - 90 cm - steril', 711, 0, 2)
INSERT INTO [dbo].[InventoryItems] ([Id], [Name], [Quantity], [Unit], [Status]) VALUES (102, N'littauer csipesz - steril', 766, 0, 2)
INSERT INTO [dbo].[InventoryItems] ([Id], [Name], [Quantity], [Unit], [Status]) VALUES (103, N'marihuána teszt - vizelet tesztcsík', 90, 0, 2)
INSERT INTO [dbo].[InventoryItems] ([Id], [Name], [Quantity], [Unit], [Status]) VALUES (104, N'meso tű 27g - steril', 739, 0, 2)
INSERT INTO [dbo].[InventoryItems] ([Id], [Name], [Quantity], [Unit], [Status]) VALUES (105, N'mitsubishi k61 b videoprinter papír', 53, 0, 2)
INSERT INTO [dbo].[InventoryItems] ([Id], [Name], [Quantity], [Unit], [Status]) VALUES (106, N'mononukleózis teszt', 95, 0, 2)
INSERT INTO [dbo].[InventoryItems] ([Id], [Name], [Quantity], [Unit], [Status]) VALUES (107, N'mull lap steril,10x10 cm,nem szövött,hajtogatott,vágott', 328, 0, 2)
INSERT INTO [dbo].[InventoryItems] ([Id], [Name], [Quantity], [Unit], [Status]) VALUES (108, N'mull lap-5x5cm,nem steril,nemszövött,hajtogatott,4 rétegű', 810, 0, 2)
INSERT INTO [dbo].[InventoryItems] ([Id], [Name], [Quantity], [Unit], [Status]) VALUES (109, N'mull-lap 10x10 cm, steril,vágott', 960, 0, 2)
INSERT INTO [dbo].[InventoryItems] ([Id], [Name], [Quantity], [Unit], [Status]) VALUES (110, N'mull-lap pólya,szegett,nem steril,3,5mx5cm', 958, 0, 2)
INSERT INTO [dbo].[InventoryItems] ([Id], [Name], [Quantity], [Unit], [Status]) VALUES (111, N'multi drog teszt -7 vizeletből', 130, 0, 2)
INSERT INTO [dbo].[InventoryItems] ([Id], [Name], [Quantity], [Unit], [Status]) VALUES (112, N'multi drog panel teszt - 12 drog- vizeletből', 291, 0, 2)
INSERT INTO [dbo].[InventoryItems] ([Id], [Name], [Quantity], [Unit], [Status]) VALUES (113, N'multi drog panel teszt - 6 drog- vizeletből', 419, 0, 2)
INSERT INTO [dbo].[InventoryItems] ([Id], [Name], [Quantity], [Unit], [Status]) VALUES (114, N'multi drog saliva teszt- 6 drog- nyálból', 812, 0, 2)
INSERT INTO [dbo].[InventoryItems] ([Id], [Name], [Quantity], [Unit], [Status]) VALUES (115, N'műanyag laringoszkóp lapoc + műanyag nyél', 130, 0, 2)
INSERT INTO [dbo].[InventoryItems] ([Id], [Name], [Quantity], [Unit], [Status]) VALUES (116, N'műszer óvszer - síkosított', 842, 0, 2)
INSERT INTO [dbo].[InventoryItems] ([Id], [Name], [Quantity], [Unit], [Status]) VALUES (117, N'műszer óvszer - száraz', 129, 0, 2)
INSERT INTO [dbo].[InventoryItems] ([Id], [Name], [Quantity], [Unit], [Status]) VALUES (118, N'műtős sapka textil', 301, 0, 2)
INSERT INTO [dbo].[InventoryItems] ([Id], [Name], [Quantity], [Unit], [Status]) VALUES (119, N'műtős sapka textil - zöld', 431, 0, 2)
INSERT INTO [dbo].[InventoryItems] ([Id], [Name], [Quantity], [Unit], [Status]) VALUES (120, N'nitril kesztyű púdermentes', 353, 0, 2)
INSERT INTO [dbo].[InventoryItems] ([Id], [Name], [Quantity], [Unit], [Status]) VALUES (121, N'nyelvlapoc - ízesített', 877, 0, 2)
INSERT INTO [dbo].[InventoryItems] ([Id], [Name], [Quantity], [Unit], [Status]) VALUES (122, N'on call lándzsa ujjszúróhoz', 488, 0, 2)
INSERT INTO [dbo].[InventoryItems] ([Id], [Name], [Quantity], [Unit], [Status]) VALUES (123, N'on call ujjszúró', 557, 0, 2)
INSERT INTO [dbo].[InventoryItems] ([Id], [Name], [Quantity], [Unit], [Status]) VALUES (124, N'opiát teszt - vizelet tesztcsík', 607, 0, 2)
INSERT INTO [dbo].[InventoryItems] ([Id], [Name], [Quantity], [Unit], [Status]) VALUES (125, N'öntapadó habpárna lap 30x20 cm x 1,1 mm', 228, 0, 2)
INSERT INTO [dbo].[InventoryItems] ([Id], [Name], [Quantity], [Unit], [Status]) VALUES (126, N'öntapadó habpárna tekercs 10 cm x 5 m x 4 mm', 91, 0, 2)
INSERT INTO [dbo].[InventoryItems] ([Id], [Name], [Quantity], [Unit], [Status]) VALUES (127, N'öntapadó pólya 10cmx4m', 812, 0, 2)
INSERT INTO [dbo].[InventoryItems] ([Id], [Name], [Quantity], [Unit], [Status]) VALUES (128, N'öntapadó pólya 4m x 6cm', 39, 0, 2)
INSERT INTO [dbo].[InventoryItems] ([Id], [Name], [Quantity], [Unit], [Status]) VALUES (129, N'öntapadó pólya 4m x 8cm', 242, 0, 2)
INSERT INTO [dbo].[InventoryItems] ([Id], [Name], [Quantity], [Unit], [Status]) VALUES (130, N'öntapadó pólya 4mx10cm', 660, 0, 2)
INSERT INTO [dbo].[InventoryItems] ([Id], [Name], [Quantity], [Unit], [Status]) VALUES (131, N'öntapadó pólya elasztikus 20m x 6cm', 212, 0, 2)
INSERT INTO [dbo].[InventoryItems] ([Id], [Name], [Quantity], [Unit], [Status]) VALUES (132, N'öntapadó steril kötszer nem szövött 5x7 cm', 356, 0, 2)
INSERT INTO [dbo].[InventoryItems] ([Id], [Name], [Quantity], [Unit], [Status]) VALUES (133, N'p.o.p. paris gipszpólya', 248, 0, 2)
INSERT INTO [dbo].[InventoryItems] ([Id], [Name], [Quantity], [Unit], [Status]) VALUES (134, N'pamut gézlap 10x20 cm', 188, 0, 2)
INSERT INTO [dbo].[InventoryItems] ([Id], [Name], [Quantity], [Unit], [Status]) VALUES (135, N'papír alapú ragtapasz 5mx 25mm', 53, 0, 2)
INSERT INTO [dbo].[InventoryItems] ([Id], [Name], [Quantity], [Unit], [Status]) VALUES (136, N'papírlepedő 2 rétegű - 100 x 50 cm', 492, 0, 2)
INSERT INTO [dbo].[InventoryItems] ([Id], [Name], [Quantity], [Unit], [Status]) VALUES (137, N'papírlepedő 2 rétegű - 46m x 50cm', 721, 0, 2)
INSERT INTO [dbo].[InventoryItems] ([Id], [Name], [Quantity], [Unit], [Status]) VALUES (138, N'papírlepedő 2 rétegű - 50 x 59 cm', 517, 0, 2)
INSERT INTO [dbo].[InventoryItems] ([Id], [Name], [Quantity], [Unit], [Status]) VALUES (139, N'papírlepedő pe bevonattal - 50cm x 49cm - világos kék', 313, 0, 2)
INSERT INTO [dbo].[InventoryItems] ([Id], [Name], [Quantity], [Unit], [Status]) VALUES (140, N'papírlepedő pe bevonattal - 50cm x 50m - fehér', 888, 0, 2)
INSERT INTO [dbo].[InventoryItems] ([Id], [Name], [Quantity], [Unit], [Status]) VALUES (141, N'papírlepedő pe bevonattal - 50cm x 50m - rózsaszín', 759, 0, 2)
INSERT INTO [dbo].[InventoryItems] ([Id], [Name], [Quantity], [Unit], [Status]) VALUES (142, N'papírlepedő pe bevonattal - eco - 60cm x 82m', 498, 0, 2)
INSERT INTO [dbo].[InventoryItems] ([Id], [Name], [Quantity], [Unit], [Status]) VALUES (143, N'papírlepedő pe bevonattal - eco -50 x 60 cm', 545, 0, 2)
INSERT INTO [dbo].[InventoryItems] ([Id], [Name], [Quantity], [Unit], [Status]) VALUES (144, N'paragon szikepenge - 10 méretben', 486, 0, 2)
INSERT INTO [dbo].[InventoryItems] ([Id], [Name], [Quantity], [Unit], [Status]) VALUES (145, N'pe fólia kesztyű', 728, 0, 2)
INSERT INTO [dbo].[InventoryItems] ([Id], [Name], [Quantity], [Unit], [Status]) VALUES (146, N'psa prosztata teszt', 524, 0, 2)
INSERT INTO [dbo].[InventoryItems] ([Id], [Name], [Quantity], [Unit], [Status]) VALUES (147, N'ragtapasz sensitive', 934, 0, 2)
INSERT INTO [dbo].[InventoryItems] ([Id], [Name], [Quantity], [Unit], [Status]) VALUES (148, N'ragtapasz 19x76,vízálló', 338, 0, 2)
INSERT INTO [dbo].[InventoryItems] ([Id], [Name], [Quantity], [Unit], [Status]) VALUES (149, N'ragtapasz tekercs 9,14 x 2,5 cm', 799, 0, 2)
INSERT INTO [dbo].[InventoryItems] ([Id], [Name], [Quantity], [Unit], [Status]) VALUES (150, N'ragtapasz vízálló', 873, 0, 2)
INSERT INTO [dbo].[InventoryItems] ([Id], [Name], [Quantity], [Unit], [Status]) VALUES (151, N'rugalmas kötszer pólya', 406, 0, 2)
INSERT INTO [dbo].[InventoryItems] ([Id], [Name], [Quantity], [Unit], [Status]) VALUES (152, N'rugalmas pólya 10 cm x 2-4,57 m', 407, 0, 2)
INSERT INTO [dbo].[InventoryItems] ([Id], [Name], [Quantity], [Unit], [Status]) VALUES (153, N'rugalmas pólya 7,5 cm x 2-4,57 m', 461, 0, 2)
INSERT INTO [dbo].[InventoryItems] ([Id], [Name], [Quantity], [Unit], [Status]) VALUES (154, N'rugalmas pólya öntapadós 6 cm x 4,5 m', 692, 0, 2)
INSERT INTO [dbo].[InventoryItems] ([Id], [Name], [Quantity], [Unit], [Status]) VALUES (155, N'sebészeti borotva - szimpla pengés fésűvel', 684, 0, 2)
INSERT INTO [dbo].[InventoryItems] ([Id], [Name], [Quantity], [Unit], [Status]) VALUES (156, N'sebészeti borotva több változatban', 626, 0, 2)
INSERT INTO [dbo].[InventoryItems] ([Id], [Name], [Quantity], [Unit], [Status]) VALUES (157, N'sebészeti szőrnyíróhoz penge - steril', 736, 0, 2)
INSERT INTO [dbo].[InventoryItems] ([Id], [Name], [Quantity], [Unit], [Status]) VALUES (158, N'sebészeti varrófonal', 114, 0, 2)
INSERT INTO [dbo].[InventoryItems] ([Id], [Name], [Quantity], [Unit], [Status]) VALUES (159, N'sebészeti varrófonal - nylon', 865, 0, 2)
INSERT INTO [dbo].[InventoryItems] ([Id], [Name], [Quantity], [Unit], [Status]) VALUES (160, N'sebészeti varrófonal - selyem', 198, 0, 2)
INSERT INTO [dbo].[InventoryItems] ([Id], [Name], [Quantity], [Unit], [Status]) VALUES (161, N'sebészeti varrófonal - szintetikus', 91, 0, 2)
INSERT INTO [dbo].[InventoryItems] ([Id], [Name], [Quantity], [Unit], [Status]) VALUES (162, N'sebészeti varrókészlet - steril', 707, 0, 2)
INSERT INTO [dbo].[InventoryItems] ([Id], [Name], [Quantity], [Unit], [Status]) VALUES (163, N'sebészeti vatta,nem steril', 312, 0, 2)
INSERT INTO [dbo].[InventoryItems] ([Id], [Name], [Quantity], [Unit], [Status]) VALUES (164, N'sebészi szájmaszk', 569, 0, 2)
INSERT INTO [dbo].[InventoryItems] ([Id], [Name], [Quantity], [Unit], [Status]) VALUES (165, N'síkosító gél', 883, 0, 2)
INSERT INTO [dbo].[InventoryItems] ([Id], [Name], [Quantity], [Unit], [Status]) VALUES (166, N'sony 110 hd videoprinter papír', 109, 0, 2)
INSERT INTO [dbo].[InventoryItems] ([Id], [Name], [Quantity], [Unit], [Status]) VALUES (167, N'sony 110 hg videoprinter papír', 547, 0, 2)
INSERT INTO [dbo].[InventoryItems] ([Id], [Name], [Quantity], [Unit], [Status]) VALUES (168, N'sony 110 s videoprinter papír', 791, 0, 2)
INSERT INTO [dbo].[InventoryItems] ([Id], [Name], [Quantity], [Unit], [Status]) VALUES (169, N'sony 210 hd videoprinter papír', 562, 0, 2)
INSERT INTO [dbo].[InventoryItems] ([Id], [Name], [Quantity], [Unit], [Status]) VALUES (170, N'sony upc-21l videoprinter papír', 904, 0, 2)
INSERT INTO [dbo].[InventoryItems] ([Id], [Name], [Quantity], [Unit], [Status]) VALUES (171, N'std nitril kesztyű púdermentes', 749, 0, 2)
INSERT INTO [dbo].[InventoryItems] ([Id], [Name], [Quantity], [Unit], [Status]) VALUES (172, N'steril bőrkapocs berakó - egyszerhasználatos', 664, 0, 2)
INSERT INTO [dbo].[InventoryItems] ([Id], [Name], [Quantity], [Unit], [Status]) VALUES (173, N'steril filmkötszer nedvszívó párnával 10x10cm,vízhatlan', 875, 0, 2)
INSERT INTO [dbo].[InventoryItems] ([Id], [Name], [Quantity], [Unit], [Status]) VALUES (174, N'steril kesztyű', 838, 0, 2)
INSERT INTO [dbo].[InventoryItems] ([Id], [Name], [Quantity], [Unit], [Status]) VALUES (175, N'steril kesztyű - púdermentes', 319, 0, 2)
INSERT INTO [dbo].[InventoryItems] ([Id], [Name], [Quantity], [Unit], [Status]) VALUES (176, N'steril kötszer gézlappal 7,2 x 5 cm', 950, 0, 2)
INSERT INTO [dbo].[InventoryItems] ([Id], [Name], [Quantity], [Unit], [Status]) VALUES (177, N'steril kötszer szemre', 60, 0, 2)
INSERT INTO [dbo].[InventoryItems] ([Id], [Name], [Quantity], [Unit], [Status]) VALUES (178, N'steril öntapadós vénakanül rögzítő', 567, 0, 2)
INSERT INTO [dbo].[InventoryItems] ([Id], [Name], [Quantity], [Unit], [Status]) VALUES (179, N'szappanos szivacs', 407, 0, 2)
INSERT INTO [dbo].[InventoryItems] ([Id], [Name], [Quantity], [Unit], [Status]) VALUES (180, N'szárnyas tű l/l - steril', 795, 0, 2)
INSERT INTO [dbo].[InventoryItems] ([Id], [Name], [Quantity], [Unit], [Status]) VALUES (181, N'szikepenge + nyél -egyszerhasználatos', 258, 0, 2)
INSERT INTO [dbo].[InventoryItems] ([Id], [Name], [Quantity], [Unit], [Status]) VALUES (182, N'szívó fecskendő', 979, 0, 2)
INSERT INTO [dbo].[InventoryItems] ([Id], [Name], [Quantity], [Unit], [Status]) VALUES (183, N'szívókanül', 881, 0, 2)
INSERT INTO [dbo].[InventoryItems] ([Id], [Name], [Quantity], [Unit], [Status]) VALUES (184, N'tegaderm 3m habkötszer nem tapadó szegéllyel, 10x10 cm', 154, 0, 2)
INSERT INTO [dbo].[InventoryItems] ([Id], [Name], [Quantity], [Unit], [Status]) VALUES (185, N'tegaderm 3m habkötszer tapadó szegéllyel,14x14cm', 234, 0, 2)
INSERT INTO [dbo].[InventoryItems] ([Id], [Name], [Quantity], [Unit], [Status]) VALUES (186, N'textil ragtapasz', 258, 0, 2)
INSERT INTO [dbo].[InventoryItems] ([Id], [Name], [Quantity], [Unit], [Status]) VALUES (187, N'triglicerid tesztcsík', 824, 0, 2)
INSERT INTO [dbo].[InventoryItems] ([Id], [Name], [Quantity], [Unit], [Status]) VALUES (188, N'tromboplasztin tesztcsík', 633, 0, 2)
INSERT INTO [dbo].[InventoryItems] ([Id], [Name], [Quantity], [Unit], [Status]) VALUES (189, N'tűfogó - steril', 194, 0, 2)
INSERT INTO [dbo].[InventoryItems] ([Id], [Name], [Quantity], [Unit], [Status]) VALUES (190, N'ujjbegyszúró accu-chek sofclix blue (+25db lándzsa)', 316, 0, 2)
INSERT INTO [dbo].[InventoryItems] ([Id], [Name], [Quantity], [Unit], [Status]) VALUES (191, N'ujjbegyszúró accu-chek softclix pro - rendelői', 147, 0, 2)
INSERT INTO [dbo].[InventoryItems] ([Id], [Name], [Quantity], [Unit], [Status]) VALUES (192, N'ujjbegyszúró egyszerhasználatos', 892, 0, 2)
INSERT INTO [dbo].[InventoryItems] ([Id], [Name], [Quantity], [Unit], [Status]) VALUES (193, N'ujjbegyszúró lándzsa - accu-chek softclix pro - 200db', 422, 0, 2)
INSERT INTO [dbo].[InventoryItems] ([Id], [Name], [Quantity], [Unit], [Status]) VALUES (194, N'ujjbegyszúró lándzsa accu-chek softclix blue', 484, 0, 2)
INSERT INTO [dbo].[InventoryItems] ([Id], [Name], [Quantity], [Unit], [Status]) VALUES (195, N'univerzális kötszervágó olló', 538, 0, 2)
INSERT INTO [dbo].[InventoryItems] ([Id], [Name], [Quantity], [Unit], [Status]) VALUES (196, N'vaginitis teszt', 795, 0, 2)
INSERT INTO [dbo].[InventoryItems] ([Id], [Name], [Quantity], [Unit], [Status]) VALUES (197, N'varratszedő készlet - steril', 713, 0, 2)
INSERT INTO [dbo].[InventoryItems] ([Id], [Name], [Quantity], [Unit], [Status]) VALUES (198, N'vastagbél gyulladás teszt', 436, 0, 2)
INSERT INTO [dbo].[InventoryItems] ([Id], [Name], [Quantity], [Unit], [Status]) VALUES (199, N'vénakanül rögzítő csík', 462, 0, 2)
INSERT INTO [dbo].[InventoryItems] ([Id], [Name], [Quantity], [Unit], [Status]) VALUES (200, N'vesetál 200x98 mm skálázott - műanyag - 500 ml', 907, 0, 2)
INSERT INTO [dbo].[InventoryItems] ([Id], [Name], [Quantity], [Unit], [Status]) VALUES (201, N'vesetál 250x130 mm skálázott - műanyag - 750 ml', 619, 0, 2)
INSERT INTO [dbo].[InventoryItems] ([Id], [Name], [Quantity], [Unit], [Status]) VALUES (202, N'vesetál egyszerhasználatos - 700 ml', 340, 0, 2)
INSERT INTO [dbo].[InventoryItems] ([Id], [Name], [Quantity], [Unit], [Status]) VALUES (203, N'vinil kesztyű', 71, 0, 2)
INSERT INTO [dbo].[InventoryItems] ([Id], [Name], [Quantity], [Unit], [Status]) VALUES (204, N'vinil kesztyű - púdermentes', 824, 0, 2)
INSERT INTO [dbo].[InventoryItems] ([Id], [Name], [Quantity], [Unit], [Status]) VALUES (205, N'vinil kesztyű - púdermentes, rugalmas', 286, 0, 2)
INSERT INTO [dbo].[InventoryItems] ([Id], [Name], [Quantity], [Unit], [Status]) VALUES (206, N'vizelet tesztcsík - 11 paraméter', 475, 0, 2)
INSERT INTO [dbo].[InventoryItems] ([Id], [Name], [Quantity], [Unit], [Status]) VALUES (207, N'vizelet tesztcső 12 ml', 922, 0, 2)
INSERT INTO [dbo].[InventoryItems] ([Id], [Name], [Quantity], [Unit], [Status]) VALUES (208, N'vizeletes zsák 2000ml - 130 cm-es', 748, 0, 2)
INSERT INTO [dbo].[InventoryItems] ([Id], [Name], [Quantity], [Unit], [Status]) VALUES (209, N'vizeletes zsák 2000ml - 90cm- es', 220, 0, 2)
INSERT INTO [dbo].[InventoryItems] ([Id], [Name], [Quantity], [Unit], [Status]) VALUES (210, N'alkoholos kézfertőtlenítő gél', 914, 1, 2)
INSERT INTO [dbo].[InventoryItems] ([Id], [Name], [Quantity], [Unit], [Status]) VALUES (211, N'aloe ultrahang gél', 465, 1, 2)
INSERT INTO [dbo].[InventoryItems] ([Id], [Name], [Quantity], [Unit], [Status]) VALUES (212, N'antiszeptikus kézfertőtlenítő gél', 137, 1, 2)
INSERT INTO [dbo].[InventoryItems] ([Id], [Name], [Quantity], [Unit], [Status]) VALUES (213, N'barrycidal plusN - fertőtlenítőszer', 102, 1, 2)
INSERT INTO [dbo].[InventoryItems] ([Id], [Name], [Quantity], [Unit], [Status]) VALUES (214, N'barrycidal plusN - fertőtlenítő - germicid', 619, 1, 2)
INSERT INTO [dbo].[InventoryItems] ([Id], [Name], [Quantity], [Unit], [Status]) VALUES (215, N'basic ultrahang gél', 627, 1, 2)
INSERT INTO [dbo].[InventoryItems] ([Id], [Name], [Quantity], [Unit], [Status]) VALUES (216, N'bőrfertőtlenítő', 251, 1, 2)
INSERT INTO [dbo].[InventoryItems] ([Id], [Name], [Quantity], [Unit], [Status]) VALUES (217, N'bőrfertőtlenítő - színtelen', 590, 1, 2)
INSERT INTO [dbo].[InventoryItems] ([Id], [Name], [Quantity], [Unit], [Status]) VALUES (218, N'bőrfertőtlenítő (színezett)', 897, 1, 2)
INSERT INTO [dbo].[InventoryItems] ([Id], [Name], [Quantity], [Unit], [Status]) VALUES (219, N'citológiai fixáló spray', 832, 1, 2)
INSERT INTO [dbo].[InventoryItems] ([Id], [Name], [Quantity], [Unit], [Status]) VALUES (220, N'clear ultrahang gél', 648, 1, 2)
INSERT INTO [dbo].[InventoryItems] ([Id], [Name], [Quantity], [Unit], [Status]) VALUES (221, N'decontaman liquid', 581, 1, 2)
INSERT INTO [dbo].[InventoryItems] ([Id], [Name], [Quantity], [Unit], [Status]) VALUES (222, N'ekg gél', 363, 1, 2)
INSERT INTO [dbo].[InventoryItems] ([Id], [Name], [Quantity], [Unit], [Status]) VALUES (223, N'fájdalomcsillapító gél', 986, 1, 2)
INSERT INTO [dbo].[InventoryItems] ([Id], [Name], [Quantity], [Unit], [Status]) VALUES (224, N'fájdalomcsillapító gél', 414, 1, 2)
INSERT INTO [dbo].[InventoryItems] ([Id], [Name], [Quantity], [Unit], [Status]) VALUES (225, N'felületfertőtlenítő (aldehid mentes)', 229, 1, 2)
INSERT INTO [dbo].[InventoryItems] ([Id], [Name], [Quantity], [Unit], [Status]) VALUES (226, N'felületfertőtlenítő (aldehides)', 596, 1, 2)
INSERT INTO [dbo].[InventoryItems] ([Id], [Name], [Quantity], [Unit], [Status]) VALUES (227, N'felülettisztító koncentrátum', 312, 1, 2)
INSERT INTO [dbo].[InventoryItems] ([Id], [Name], [Quantity], [Unit], [Status]) VALUES (228, N'fertőtlenítő folyékony szappan', 297, 1, 2)
INSERT INTO [dbo].[InventoryItems] ([Id], [Name], [Quantity], [Unit], [Status]) VALUES (229, N'fertőtlenítő szappan', 925, 1, 2)
INSERT INTO [dbo].[InventoryItems] ([Id], [Name], [Quantity], [Unit], [Status]) VALUES (230, N'folyékony szappan, kamilla illattal', 73, 1, 2)
INSERT INTO [dbo].[InventoryItems] ([Id], [Name], [Quantity], [Unit], [Status]) VALUES (231, N'higiénés kézfertőtlenítő', 573, 1, 2)
INSERT INTO [dbo].[InventoryItems] ([Id], [Name], [Quantity], [Unit], [Status]) VALUES (232, N'hydrogén peroxid', 523, 1, 2)
INSERT INTO [dbo].[InventoryItems] ([Id], [Name], [Quantity], [Unit], [Status]) VALUES (233, N'ipl és laser gél', 662, 1, 2)
INSERT INTO [dbo].[InventoryItems] ([Id], [Name], [Quantity], [Unit], [Status]) VALUES (234, N'jódos fertőtlenítő', 346, 1, 2)
INSERT INTO [dbo].[InventoryItems] ([Id], [Name], [Quantity], [Unit], [Status]) VALUES (235, N'kézfertőtlenítő gél', 696, 1, 2)
INSERT INTO [dbo].[InventoryItems] ([Id], [Name], [Quantity], [Unit], [Status]) VALUES (236, N'kézfertőtlenítő gélek', 457, 1, 2)
INSERT INTO [dbo].[InventoryItems] ([Id], [Name], [Quantity], [Unit], [Status]) VALUES (237, N'kontroll oldat', 318, 1, 2)
INSERT INTO [dbo].[InventoryItems] ([Id], [Name], [Quantity], [Unit], [Status]) VALUES (238, N'melegítő gél', 312, 1, 2)
INSERT INTO [dbo].[InventoryItems] ([Id], [Name], [Quantity], [Unit], [Status]) VALUES (239, N'multicare glukóz kontroll oldat', 895, 1, 2)
INSERT INTO [dbo].[InventoryItems] ([Id], [Name], [Quantity], [Unit], [Status]) VALUES (240, N'multicare koleszterin kontroll oldat', 126, 1, 2)
INSERT INTO [dbo].[InventoryItems] ([Id], [Name], [Quantity], [Unit], [Status]) VALUES (241, N'multicare triglicerid kontroll oldat', 738, 1, 2)
INSERT INTO [dbo].[InventoryItems] ([Id], [Name], [Quantity], [Unit], [Status]) VALUES (242, N'műtéti bemosakodó szer', 87, 1, 2)
INSERT INTO [dbo].[InventoryItems] ([Id], [Name], [Quantity], [Unit], [Status]) VALUES (243, N'műtéti kézfertőtlenítő', 749, 1, 2)
INSERT INTO [dbo].[InventoryItems] ([Id], [Name], [Quantity], [Unit], [Status]) VALUES (244, N'sebkitöltő gél', 985, 1, 2)
INSERT INTO [dbo].[InventoryItems] ([Id], [Name], [Quantity], [Unit], [Status]) VALUES (245, N'síkosító gél', 660, 1, 2)
INSERT INTO [dbo].[InventoryItems] ([Id], [Name], [Quantity], [Unit], [Status]) VALUES (246, N'spray ragtapasz -30 ml', 315, 1, 2)
INSERT INTO [dbo].[InventoryItems] ([Id], [Name], [Quantity], [Unit], [Status]) VALUES (247, N'szappan és alkáli mentes folyékony tisztítószer', 234, 1, 2)
INSERT INTO [dbo].[InventoryItems] ([Id], [Name], [Quantity], [Unit], [Status]) VALUES (248, N'ACIDUM NICOTINICUM VASC 50 mg tabletta', 841, 0, 2)
INSERT INTO [dbo].[InventoryItems] ([Id], [Name], [Quantity], [Unit], [Status]) VALUES (249, N'AMILORID COMP PHARMAVIT tabletta', 808, 0, 2)
INSERT INTO [dbo].[InventoryItems] ([Id], [Name], [Quantity], [Unit], [Status]) VALUES (250, N'AMOXICILLIN-TEVA 750 mg tabletta', 794, 0, 2)
INSERT INTO [dbo].[InventoryItems] ([Id], [Name], [Quantity], [Unit], [Status]) VALUES (251, N'ANAFRANIL 10 mg bevont tabletta', 699, 0, 2)
INSERT INTO [dbo].[InventoryItems] ([Id], [Name], [Quantity], [Unit], [Status]) VALUES (252, N'ANAFRANIL 25 mg bevont tabletta', 478, 0, 2)
INSERT INTO [dbo].[InventoryItems] ([Id], [Name], [Quantity], [Unit], [Status]) VALUES (253, N'ANAFRANIL SR 75 mg retard tabletta', 71, 0, 2)
INSERT INTO [dbo].[InventoryItems] ([Id], [Name], [Quantity], [Unit], [Status]) VALUES (254, N'ANTINEURALGICA tabletta', 550, 0, 2)
INSERT INTO [dbo].[InventoryItems] ([Id], [Name], [Quantity], [Unit], [Status]) VALUES (255, N'ANXIRON 5 mg tabletta', 723, 0, 2)
INSERT INTO [dbo].[InventoryItems] ([Id], [Name], [Quantity], [Unit], [Status]) VALUES (256, N'APRANAX 275 mg filmtabletta', 39, 0, 2)
INSERT INTO [dbo].[InventoryItems] ([Id], [Name], [Quantity], [Unit], [Status]) VALUES (257, N'APRANAX 550 mg filmtabletta', 815, 0, 2)
INSERT INTO [dbo].[InventoryItems] ([Id], [Name], [Quantity], [Unit], [Status]) VALUES (258, N'ASPIRIN 500 mg tabletta', 217, 0, 2)
INSERT INTO [dbo].[InventoryItems] ([Id], [Name], [Quantity], [Unit], [Status]) VALUES (259, N'ASTONIN 0,1 mg tabletta', 959, 0, 2)
INSERT INTO [dbo].[InventoryItems] ([Id], [Name], [Quantity], [Unit], [Status]) VALUES (260, N'AUGMENTIN 250 mg/125 mg filmtabletta', 460, 0, 2)
INSERT INTO [dbo].[InventoryItems] ([Id], [Name], [Quantity], [Unit], [Status]) VALUES (261, N'AUGMENTIN 500 mg/125 mg filmtabletta', 588, 0, 2)
INSERT INTO [dbo].[InventoryItems] ([Id], [Name], [Quantity], [Unit], [Status]) VALUES (262, N'BAYMYCARD 10 mg filmtabletta', 349, 0, 2)
INSERT INTO [dbo].[InventoryItems] ([Id], [Name], [Quantity], [Unit], [Status]) VALUES (263, N'BAYMYCARD 5 mg filmtabletta', 355, 0, 2)
INSERT INTO [dbo].[InventoryItems] ([Id], [Name], [Quantity], [Unit], [Status]) VALUES (264, N'BENFOGAMMA 50 mg bevont tabletta', 879, 0, 2)
INSERT INTO [dbo].[InventoryItems] ([Id], [Name], [Quantity], [Unit], [Status]) VALUES (265, N'BETALOC 100 mg tabletta', 525, 0, 2)
INSERT INTO [dbo].[InventoryItems] ([Id], [Name], [Quantity], [Unit], [Status]) VALUES (266, N'BETALOC ZOK 100 mg retard tabletta', 425, 0, 2)
INSERT INTO [dbo].[InventoryItems] ([Id], [Name], [Quantity], [Unit], [Status]) VALUES (267, N'BETASERC 8 mg tabletta', 159, 0, 2)
INSERT INTO [dbo].[InventoryItems] ([Id], [Name], [Quantity], [Unit], [Status]) VALUES (268, N'BEZALIP 400 mg retard filmtabletta', 961, 0, 2)
INSERT INTO [dbo].[InventoryItems] ([Id], [Name], [Quantity], [Unit], [Status]) VALUES (269, N'BLOCALCIN 60 mg tabletta', 860, 0, 2)
INSERT INTO [dbo].[InventoryItems] ([Id], [Name], [Quantity], [Unit], [Status]) VALUES (270, N'BLOCALCIN 90 mg retard tabletta', 651, 0, 2)
INSERT INTO [dbo].[InventoryItems] ([Id], [Name], [Quantity], [Unit], [Status]) VALUES (271, N'BLOKIUM DIU 100 mg/25 mg tabletta', 824, 0, 2)
INSERT INTO [dbo].[InventoryItems] ([Id], [Name], [Quantity], [Unit], [Status]) VALUES (272, N'BOLUS ADSTRINGENS tabletta', 200, 0, 2)
INSERT INTO [dbo].[InventoryItems] ([Id], [Name], [Quantity], [Unit], [Status]) VALUES (273, N'BOLUS LAXANS tabletta', 472, 0, 2)
INSERT INTO [dbo].[InventoryItems] ([Id], [Name], [Quantity], [Unit], [Status]) VALUES (274, N'BRINALDIX 10 mg tabletta', 72, 0, 2)
INSERT INTO [dbo].[InventoryItems] ([Id], [Name], [Quantity], [Unit], [Status]) VALUES (275, N'BRINALDIX 20 mg tabletta', 99, 0, 2)
INSERT INTO [dbo].[InventoryItems] ([Id], [Name], [Quantity], [Unit], [Status]) VALUES (276, N'BROMOCRIPTIN-RICHTER 2,5 mg tabletta', 149, 0, 2)
INSERT INTO [dbo].[InventoryItems] ([Id], [Name], [Quantity], [Unit], [Status]) VALUES (277, N'C-VITAMIN TEVA 500 mg rágótabletta', 105, 0, 2)
INSERT INTO [dbo].[InventoryItems] ([Id], [Name], [Quantity], [Unit], [Status]) VALUES (278, N'CALCIUM-SANDOZ + Vitamin C 1000 mg pezsgőtabletta', 63, 0, 2)
INSERT INTO [dbo].[InventoryItems] ([Id], [Name], [Quantity], [Unit], [Status]) VALUES (279, N'CALCIUM PHARMAVIT 500 mg pezsgőtabletta', 449, 0, 2)
INSERT INTO [dbo].[InventoryItems] ([Id], [Name], [Quantity], [Unit], [Status]) VALUES (280, N'CALCIUM-SANDOZ pezsgőtabletta', 579, 0, 2)
INSERT INTO [dbo].[InventoryItems] ([Id], [Name], [Quantity], [Unit], [Status]) VALUES (281, N'CARBO ACTIVATUS EGIS tabletta', 645, 0, 2)
INSERT INTO [dbo].[InventoryItems] ([Id], [Name], [Quantity], [Unit], [Status]) VALUES (282, N'CAVINTON 5 mg tabletta', 138, 0, 2)
INSERT INTO [dbo].[InventoryItems] ([Id], [Name], [Quantity], [Unit], [Status]) VALUES (283, N'CERUCAL 10 mg tabletta', 570, 0, 2)
INSERT INTO [dbo].[InventoryItems] ([Id], [Name], [Quantity], [Unit], [Status]) VALUES (284, N'CIPROBAY 250 mg filmtabletta', 533, 0, 2)
INSERT INTO [dbo].[InventoryItems] ([Id], [Name], [Quantity], [Unit], [Status]) VALUES (285, N'CIPROBAY 500 mg filmtabletta', 882, 0, 2)
INSERT INTO [dbo].[InventoryItems] ([Id], [Name], [Quantity], [Unit], [Status]) VALUES (286, N'CISORDINOL 10 mg filmtabletta', 320, 0, 2)
INSERT INTO [dbo].[InventoryItems] ([Id], [Name], [Quantity], [Unit], [Status]) VALUES (287, N'CISORDINOL 25 mg filmtabletta', 289, 0, 2)
INSERT INTO [dbo].[InventoryItems] ([Id], [Name], [Quantity], [Unit], [Status]) VALUES (288, N'CLARITINE 10 mg tabletta', 961, 0, 2)
INSERT INTO [dbo].[InventoryItems] ([Id], [Name], [Quantity], [Unit], [Status]) VALUES (289, N'CLONAZEPAM TARCHOMIN 0,5 mg tabletta', 288, 0, 2)
INSERT INTO [dbo].[InventoryItems] ([Id], [Name], [Quantity], [Unit], [Status]) VALUES (290, N'CLONAZEPAM TARCHOMIN 2 mg tabletta', 239, 0, 2)
INSERT INTO [dbo].[InventoryItems] ([Id], [Name], [Quantity], [Unit], [Status]) VALUES (291, N'CLOSTILBEGYT 50 mg tabletta', 289, 0, 2)
INSERT INTO [dbo].[InventoryItems] ([Id], [Name], [Quantity], [Unit], [Status]) VALUES (292, N'CODERIT N tabletta', 260, 0, 2)
INSERT INTO [dbo].[InventoryItems] ([Id], [Name], [Quantity], [Unit], [Status]) VALUES (293, N'COLCHICUM-DISPERT bevont tabletta', 225, 0, 2)
INSERT INTO [dbo].[InventoryItems] ([Id], [Name], [Quantity], [Unit], [Status]) VALUES (294, N'COLDREX tabletta', 13, 0, 2)
INSERT INTO [dbo].[InventoryItems] ([Id], [Name], [Quantity], [Unit], [Status]) VALUES (295, N'CONCOR 10 mg filmtabletta', 902, 0, 2)
INSERT INTO [dbo].[InventoryItems] ([Id], [Name], [Quantity], [Unit], [Status]) VALUES (296, N'CONCOR 5 mg filmtabletta', 952, 0, 2)
INSERT INTO [dbo].[InventoryItems] ([Id], [Name], [Quantity], [Unit], [Status]) VALUES (297, N'CORDAFLEX 20 mg retard filmtabletta', 844, 0, 2)
INSERT INTO [dbo].[InventoryItems] ([Id], [Name], [Quantity], [Unit], [Status]) VALUES (298, N'CORDAFLEX 10 mg filmtabletta', 455, 0, 2)
INSERT INTO [dbo].[InventoryItems] ([Id], [Name], [Quantity], [Unit], [Status]) VALUES (299, N'CORDARONE 200 mg tabletta', 666, 0, 2)
INSERT INTO [dbo].[InventoryItems] ([Id], [Name], [Quantity], [Unit], [Status]) VALUES (300, N'DAEDALON 50 mg tabletta', 204, 0, 2)
INSERT INTO [dbo].[InventoryItems] ([Id], [Name], [Quantity], [Unit], [Status]) VALUES (301, N'DECARIS 150 mg tabletta', 136, 0, 2)
INSERT INTO [dbo].[InventoryItems] ([Id], [Name], [Quantity], [Unit], [Status]) VALUES (302, N'DECARIS 50 mg tabletta', 569, 0, 2)
INSERT INTO [dbo].[InventoryItems] ([Id], [Name], [Quantity], [Unit], [Status]) VALUES (303, N'DELAGIL tabletta', 925, 0, 2)
INSERT INTO [dbo].[InventoryItems] ([Id], [Name], [Quantity], [Unit], [Status]) VALUES (304, N'DEMALGON tabletta', 404, 0, 2)
INSERT INTO [dbo].[InventoryItems] ([Id], [Name], [Quantity], [Unit], [Status]) VALUES (305, N'DENTOCAR FORTE tabletta', 308, 0, 2)
INSERT INTO [dbo].[InventoryItems] ([Id], [Name], [Quantity], [Unit], [Status]) VALUES (306, N'DENTOCAR tabletta', 994, 0, 2)
INSERT INTO [dbo].[InventoryItems] ([Id], [Name], [Quantity], [Unit], [Status]) VALUES (307, N'DEPAKINE CHRONO 300 mg filmtabletta', 114, 0, 2)
INSERT INTO [dbo].[InventoryItems] ([Id], [Name], [Quantity], [Unit], [Status]) VALUES (308, N'DEPAKINE CHRONO 500 mg filmtabletta', 181, 0, 2)
INSERT INTO [dbo].[InventoryItems] ([Id], [Name], [Quantity], [Unit], [Status]) VALUES (309, N'DEPRAL 200 mg tabletta', 314, 0, 2)
INSERT INTO [dbo].[InventoryItems] ([Id], [Name], [Quantity], [Unit], [Status]) VALUES (310, N'DEPRESSAN 25 mg tabletta', 912, 0, 2)
INSERT INTO [dbo].[InventoryItems] ([Id], [Name], [Quantity], [Unit], [Status]) VALUES (311, N'DEPRIDOL 5 mg tabletta', 762, 0, 2)
INSERT INTO [dbo].[InventoryItems] ([Id], [Name], [Quantity], [Unit], [Status]) VALUES (312, N'DETRALEX 500 mg filmtabletta', 633, 0, 2)
INSERT INTO [dbo].[InventoryItems] ([Id], [Name], [Quantity], [Unit], [Status]) VALUES (313, N'DHC CONTINUS 60 mg retard tabletta', 747, 0, 2)
INSERT INTO [dbo].[InventoryItems] ([Id], [Name], [Quantity], [Unit], [Status]) VALUES (314, N'DIANE bevont tabletta', 732, 0, 2)
INSERT INTO [dbo].[InventoryItems] ([Id], [Name], [Quantity], [Unit], [Status]) VALUES (315, N'DIAPHYLLIN 150 mg tabletta', 551, 0, 2)
INSERT INTO [dbo].[InventoryItems] ([Id], [Name], [Quantity], [Unit], [Status]) VALUES (316, N'DICETEL 50 mg filmtabletta', 452, 0, 2)
INSERT INTO [dbo].[InventoryItems] ([Id], [Name], [Quantity], [Unit], [Status]) VALUES (317, N'DICYNONE 250 mg tabletta', 206, 0, 2)
INSERT INTO [dbo].[InventoryItems] ([Id], [Name], [Quantity], [Unit], [Status]) VALUES (318, N'DIGIMERCK minor 0,07 mg tabletta', 148, 0, 2)
INSERT INTO [dbo].[InventoryItems] ([Id], [Name], [Quantity], [Unit], [Status]) VALUES (319, N'DIGOXIN RICHTER 250 µg tabletta', 901, 0, 2)
INSERT INTO [dbo].[InventoryItems] ([Id], [Name], [Quantity], [Unit], [Status]) VALUES (320, N'DILZEM 90 mg retard filmtabletta', 135, 0, 2)
INSERT INTO [dbo].[InventoryItems] ([Id], [Name], [Quantity], [Unit], [Status]) VALUES (321, N'DIPANKRIN 60 mg/50 mg bevont tabletta', 95, 0, 2)
INSERT INTO [dbo].[InventoryItems] ([Id], [Name], [Quantity], [Unit], [Status]) VALUES (322, N'DIPHEDAN tabletta', 43, 0, 2)
INSERT INTO [dbo].[InventoryItems] ([Id], [Name], [Quantity], [Unit], [Status]) VALUES (323, N'DITROPAN tabletta', 554, 0, 2)
INSERT INTO [dbo].[InventoryItems] ([Id], [Name], [Quantity], [Unit], [Status]) VALUES (324, N'DIVASCAN 2,5 mg tabletta', 364, 0, 2)
INSERT INTO [dbo].[InventoryItems] ([Id], [Name], [Quantity], [Unit], [Status]) VALUES (325, N'DOPEGYT 250 mg tabletta', 981, 0, 2)
INSERT INTO [dbo].[InventoryItems] ([Id], [Name], [Quantity], [Unit], [Status]) VALUES (326, N'DOXIUM 250 mg tabletta', 614, 0, 2)
INSERT INTO [dbo].[InventoryItems] ([Id], [Name], [Quantity], [Unit], [Status]) VALUES (327, N'EDNYT 10 mg tabletta', 826, 0, 2)
INSERT INTO [dbo].[InventoryItems] ([Id], [Name], [Quantity], [Unit], [Status]) VALUES (328, N'EDNYT 2,5 mg tabletta', 658, 0, 2)
INSERT INTO [dbo].[InventoryItems] ([Id], [Name], [Quantity], [Unit], [Status]) VALUES (329, N'EDNYT 20 mg tabletta', 864, 0, 2)
INSERT INTO [dbo].[InventoryItems] ([Id], [Name], [Quantity], [Unit], [Status]) VALUES (330, N'EDNYT 5 mg tabletta', 816, 0, 2)
INSERT INTO [dbo].[InventoryItems] ([Id], [Name], [Quantity], [Unit], [Status]) VALUES (331, N'ELENIUM 5 mg bevont tabletta', 97, 0, 2)
INSERT INTO [dbo].[InventoryItems] ([Id], [Name], [Quantity], [Unit], [Status]) VALUES (332, N'ENAP 10 mg tabletta', 47, 0, 2)
INSERT INTO [dbo].[InventoryItems] ([Id], [Name], [Quantity], [Unit], [Status]) VALUES (333, N'ENAP 20 mg tabletta', 230, 0, 2)
INSERT INTO [dbo].[InventoryItems] ([Id], [Name], [Quantity], [Unit], [Status]) VALUES (334, N'ENAP 5 mg tabletta', 838, 0, 2)
INSERT INTO [dbo].[InventoryItems] ([Id], [Name], [Quantity], [Unit], [Status]) VALUES (335, N'EPHERIT 50 mg tabletta', 976, 0, 2)
INSERT INTO [dbo].[InventoryItems] ([Id], [Name], [Quantity], [Unit], [Status]) VALUES (336, N'ESTROFEM 2 mg filmtabletta', 811, 0, 2)
INSERT INTO [dbo].[InventoryItems] ([Id], [Name], [Quantity], [Unit], [Status]) VALUES (337, N'ESTULIC 1 mg tabletta', 177, 0, 2)
INSERT INTO [dbo].[InventoryItems] ([Id], [Name], [Quantity], [Unit], [Status]) VALUES (338, N'EUNOCTIN 10 mg tabletta', 803, 0, 2)
INSERT INTO [dbo].[InventoryItems] ([Id], [Name], [Quantity], [Unit], [Status]) VALUES (339, N'EUTHYROX 100 µg tabletta', 454, 0, 2)
INSERT INTO [dbo].[InventoryItems] ([Id], [Name], [Quantity], [Unit], [Status]) VALUES (340, N'EUTHYROX 150 µg tabletta', 434, 0, 2)
INSERT INTO [dbo].[InventoryItems] ([Id], [Name], [Quantity], [Unit], [Status]) VALUES (341, N'FEMODEN bevont tabletta', 262, 0, 2)
INSERT INTO [dbo].[InventoryItems] ([Id], [Name], [Quantity], [Unit], [Status]) VALUES (342, N'FEVARIN 100 mg filmtabletta', 770, 0, 2)
INSERT INTO [dbo].[InventoryItems] ([Id], [Name], [Quantity], [Unit], [Status]) VALUES (343, N'FEVARIN 50 mg filmtabletta', 985, 0, 2)
INSERT INTO [dbo].[InventoryItems] ([Id], [Name], [Quantity], [Unit], [Status]) VALUES (344, N'FOLSAV 3 mg tabletta', 647, 0, 2)
INSERT INTO [dbo].[InventoryItems] ([Id], [Name], [Quantity], [Unit], [Status]) VALUES (345, N'FRISIUM 10 mg tabletta', 174, 0, 2)
INSERT INTO [dbo].[InventoryItems] ([Id], [Name], [Quantity], [Unit], [Status]) VALUES (346, N'FUROSEMID-CHINOIN 40 mg tabletta', 613, 0, 2)
INSERT INTO [dbo].[InventoryItems] ([Id], [Name], [Quantity], [Unit], [Status]) VALUES (347, N'GERODORM tabletta', 22, 0, 2)
INSERT INTO [dbo].[InventoryItems] ([Id], [Name], [Quantity], [Unit], [Status]) VALUES (348, N'GILEMAL 5 mg tabletta', 491, 0, 2)
INSERT INTO [dbo].[InventoryItems] ([Id], [Name], [Quantity], [Unit], [Status]) VALUES (349, N'GLUCOBAY 50 mg tabletta', 419, 0, 2)
INSERT INTO [dbo].[InventoryItems] ([Id], [Name], [Quantity], [Unit], [Status]) VALUES (350, N'GLUCOBAY 100 mg tabletta', 601, 0, 2)
INSERT INTO [dbo].[InventoryItems] ([Id], [Name], [Quantity], [Unit], [Status]) VALUES (351, N'GLURENORM 30 mg tabletta', 143, 0, 2)
INSERT INTO [dbo].[InventoryItems] ([Id], [Name], [Quantity], [Unit], [Status]) VALUES (352, N'GRANDAXIN 50 mg tabletta', 715, 0, 2)
INSERT INTO [dbo].[InventoryItems] ([Id], [Name], [Quantity], [Unit], [Status]) VALUES (353, N'HALIDOR 100 mg tabletta', 495, 0, 2)
INSERT INTO [dbo].[InventoryItems] ([Id], [Name], [Quantity], [Unit], [Status]) VALUES (354, N'HALIXOL 30 mg tabletta', 381, 0, 2)
INSERT INTO [dbo].[InventoryItems] ([Id], [Name], [Quantity], [Unit], [Status]) VALUES (355, N'HALOPERIDOL-RICHTER 1,5 mg tabletta', 15, 0, 2)
INSERT INTO [dbo].[InventoryItems] ([Id], [Name], [Quantity], [Unit], [Status]) VALUES (356, N'HALSET 1,5 mg préselt szopogató tabletta', 936, 0, 2)
INSERT INTO [dbo].[InventoryItems] ([Id], [Name], [Quantity], [Unit], [Status]) VALUES (357, N'HUMA-PRONOL 40 mg tabletta', 871, 0, 2)
INSERT INTO [dbo].[InventoryItems] ([Id], [Name], [Quantity], [Unit], [Status]) VALUES (358, N'HUMA-ZOLAMIDE 250 mg tabletta', 72, 0, 2)
INSERT INTO [dbo].[InventoryItems] ([Id], [Name], [Quantity], [Unit], [Status]) VALUES (359, N'HYPEROL tabletta', 667, 0, 2)
INSERT INTO [dbo].[InventoryItems] ([Id], [Name], [Quantity], [Unit], [Status]) VALUES (360, N'HYPOTHIAZID 100 mg tabletta', 163, 0, 2)
INSERT INTO [dbo].[InventoryItems] ([Id], [Name], [Quantity], [Unit], [Status]) VALUES (361, N'HYPOTHIAZID 25 mg tabletta', 716, 0, 2)
INSERT INTO [dbo].[InventoryItems] ([Id], [Name], [Quantity], [Unit], [Status]) VALUES (362, N'IBUPROFEN POLFA 200 mg bevont tabletta', 287, 0, 2)
INSERT INTO [dbo].[InventoryItems] ([Id], [Name], [Quantity], [Unit], [Status]) VALUES (363, N'IMIGRAN 100 mg tabletta', 374, 0, 2)
INSERT INTO [dbo].[InventoryItems] ([Id], [Name], [Quantity], [Unit], [Status]) VALUES (364, N'IMOVANE 7,5 mg filmtabletta', 166, 0, 2)
INSERT INTO [dbo].[InventoryItems] ([Id], [Name], [Quantity], [Unit], [Status]) VALUES (365, N'IMURAN 25 mg filmtabletta', 284, 0, 2)
INSERT INTO [dbo].[InventoryItems] ([Id], [Name], [Quantity], [Unit], [Status]) VALUES (366, N'IMURAN 50 mg filmtabletta', 533, 0, 2)
INSERT INTO [dbo].[InventoryItems] ([Id], [Name], [Quantity], [Unit], [Status]) VALUES (367, N'INHIBACE 1 mg filmtabletta', 629, 0, 2)
INSERT INTO [dbo].[InventoryItems] ([Id], [Name], [Quantity], [Unit], [Status]) VALUES (368, N'INHIBACE 2,5 mg filmtabletta', 582, 0, 2)
INSERT INTO [dbo].[InventoryItems] ([Id], [Name], [Quantity], [Unit], [Status]) VALUES (369, N'INHIBACE 5 mg filmtabletta', 521, 0, 2)
INSERT INTO [dbo].[InventoryItems] ([Id], [Name], [Quantity], [Unit], [Status]) VALUES (370, N'ISOPRINOSINE 500 mg tabletta', 401, 0, 2)
INSERT INTO [dbo].[InventoryItems] ([Id], [Name], [Quantity], [Unit], [Status]) VALUES (371, N'ISOPTIN 240 mg retard filmtabletta', 978, 0, 2)
INSERT INTO [dbo].[InventoryItems] ([Id], [Name], [Quantity], [Unit], [Status]) VALUES (372, N'JUMEX 5 mg tabletta', 427, 0, 2)
INSERT INTO [dbo].[InventoryItems] ([Id], [Name], [Quantity], [Unit], [Status]) VALUES (373, N'KÁLIUM-R tabletta', 586, 0, 2)
INSERT INTO [dbo].[InventoryItems] ([Id], [Name], [Quantity], [Unit], [Status]) VALUES (374, N'KALMOPYRIN 500 mg tabletta', 846, 0, 2)
INSERT INTO [dbo].[InventoryItems] ([Id], [Name], [Quantity], [Unit], [Status]) VALUES (375, N'KEMADRIN 5 mg tabletta', 424, 0, 2)
INSERT INTO [dbo].[InventoryItems] ([Id], [Name], [Quantity], [Unit], [Status]) VALUES (376, N'KLACID 250 mg filmtabletta', 222, 0, 2)
INSERT INTO [dbo].[InventoryItems] ([Id], [Name], [Quantity], [Unit], [Status]) VALUES (377, N'KLIOGEST 2 mg/1 mg filmtabletta', 470, 0, 2)
INSERT INTO [dbo].[InventoryItems] ([Id], [Name], [Quantity], [Unit], [Status]) VALUES (378, N'KLION 250 mg tabletta', 907, 0, 2)
INSERT INTO [dbo].[InventoryItems] ([Id], [Name], [Quantity], [Unit], [Status]) VALUES (379, N'KLION-D 100 hüvelytabletta', 960, 0, 2)
INSERT INTO [dbo].[InventoryItems] ([Id], [Name], [Quantity], [Unit], [Status]) VALUES (380, N'L-THYROXIN HENNING 100 µg tabletta', 247, 0, 2)
INSERT INTO [dbo].[InventoryItems] ([Id], [Name], [Quantity], [Unit], [Status]) VALUES (381, N'L-THYROXIN HENNING 50 µg tabletta', 484, 0, 2)
INSERT INTO [dbo].[InventoryItems] ([Id], [Name], [Quantity], [Unit], [Status]) VALUES (382, N'LACIPIL 2 mg filmtabletta', 933, 0, 2)
INSERT INTO [dbo].[InventoryItems] ([Id], [Name], [Quantity], [Unit], [Status]) VALUES (383, N'LACIPIL 4 mg filmtabletta', 533, 0, 2)
INSERT INTO [dbo].[InventoryItems] ([Id], [Name], [Quantity], [Unit], [Status]) VALUES (384, N'LAMICTAL 100 mg tabletta', 775, 0, 2)
INSERT INTO [dbo].[InventoryItems] ([Id], [Name], [Quantity], [Unit], [Status]) VALUES (385, N'LAMICTAL 25 mg tabletta', 971, 0, 2)
INSERT INTO [dbo].[InventoryItems] ([Id], [Name], [Quantity], [Unit], [Status]) VALUES (386, N'LAMICTAL 50 mg tabletta', 598, 0, 2)
INSERT INTO [dbo].[InventoryItems] ([Id], [Name], [Quantity], [Unit], [Status]) VALUES (387, N'LAMISIL 250 mg tabletta', 619, 0, 2)
INSERT INTO [dbo].[InventoryItems] ([Id], [Name], [Quantity], [Unit], [Status]) VALUES (388, N'LARIAM 250 mg tabletta', 752, 0, 2)
INSERT INTO [dbo].[InventoryItems] ([Id], [Name], [Quantity], [Unit], [Status]) VALUES (389, N'LEGALON 70 mg bevont tabletta', 763, 0, 2)
INSERT INTO [dbo].[InventoryItems] ([Id], [Name], [Quantity], [Unit], [Status]) VALUES (390, N'LENDORMIN 0,25 mg tabletta', 124, 0, 2)
INSERT INTO [dbo].[InventoryItems] ([Id], [Name], [Quantity], [Unit], [Status]) VALUES (391, N'LIORESAL 10 mg tabletta', 263, 0, 2)
INSERT INTO [dbo].[InventoryItems] ([Id], [Name], [Quantity], [Unit], [Status]) VALUES (392, N'LIORESAL 25 mg tabletta', 675, 0, 2)
INSERT INTO [dbo].[InventoryItems] ([Id], [Name], [Quantity], [Unit], [Status]) VALUES (393, N'LOKREN 20 mg filmtabletta', 488, 0, 2)
INSERT INTO [dbo].[InventoryItems] ([Id], [Name], [Quantity], [Unit], [Status]) VALUES (394, N'LOMIR 2,5 mg tabletta', 283, 0, 2)
INSERT INTO [dbo].[InventoryItems] ([Id], [Name], [Quantity], [Unit], [Status]) VALUES (395, N'LOTENSIN 10 mg filmtabletta', 627, 0, 2)
INSERT INTO [dbo].[InventoryItems] ([Id], [Name], [Quantity], [Unit], [Status]) VALUES (396, N'LOTENSIN 20 mg filmtabletta', 875, 0, 2)
INSERT INTO [dbo].[InventoryItems] ([Id], [Name], [Quantity], [Unit], [Status]) VALUES (397, N'LOTENSIN 5 mg filmtabletta', 444, 0, 2)
INSERT INTO [dbo].[InventoryItems] ([Id], [Name], [Quantity], [Unit], [Status]) VALUES (398, N'LUDIOMIL 75 mg filmtabletta', 786, 0, 2)
INSERT INTO [dbo].[InventoryItems] ([Id], [Name], [Quantity], [Unit], [Status]) VALUES (399, N'MADOPAR 200 mg/50 mg tabletta', 47, 0, 2)
INSERT INTO [dbo].[InventoryItems] ([Id], [Name], [Quantity], [Unit], [Status]) VALUES (400, N'MAGNEROT tabletta', 707, 0, 2)
INSERT INTO [dbo].[InventoryItems] ([Id], [Name], [Quantity], [Unit], [Status]) VALUES (401, N'MAGNESIUM PHARMAVIT 250 mg pezsgőtabletta', 710, 0, 2)
INSERT INTO [dbo].[InventoryItems] ([Id], [Name], [Quantity], [Unit], [Status]) VALUES (402, N'MARVELON tabletta', 169, 0, 2)
INSERT INTO [dbo].[InventoryItems] ([Id], [Name], [Quantity], [Unit], [Status]) VALUES (403, N'MEDROL 100 mg tabletta', 333, 0, 2)
INSERT INTO [dbo].[InventoryItems] ([Id], [Name], [Quantity], [Unit], [Status]) VALUES (404, N'MEDROL 16 mg tabletta', 526, 0, 2)
INSERT INTO [dbo].[InventoryItems] ([Id], [Name], [Quantity], [Unit], [Status]) VALUES (405, N'MEDROL 32 mg tabletta', 710, 0, 2)
INSERT INTO [dbo].[InventoryItems] ([Id], [Name], [Quantity], [Unit], [Status]) VALUES (406, N'MEDROL 4 mg tabletta', 578, 0, 2)
INSERT INTO [dbo].[InventoryItems] ([Id], [Name], [Quantity], [Unit], [Status]) VALUES (407, N'METOTHYRIN 10 mg tabletta', 51, 0, 2)
INSERT INTO [dbo].[InventoryItems] ([Id], [Name], [Quantity], [Unit], [Status]) VALUES (408, N'METYPRED 16 mg tabletta', 512, 0, 2)
INSERT INTO [dbo].[InventoryItems] ([Id], [Name], [Quantity], [Unit], [Status]) VALUES (409, N'METYPRED 4 mg tabletta', 728, 0, 2)
INSERT INTO [dbo].[InventoryItems] ([Id], [Name], [Quantity], [Unit], [Status]) VALUES (410, N'MILURIT 300 mg tabletta', 211, 0, 2)
INSERT INTO [dbo].[InventoryItems] ([Id], [Name], [Quantity], [Unit], [Status]) VALUES (411, N'MILURIT 100 mg tabletta', 10, 0, 2)
INSERT INTO [dbo].[InventoryItems] ([Id], [Name], [Quantity], [Unit], [Status]) VALUES (412, N'MINIDIAB 5 mg tabletta', 912, 0, 2)
INSERT INTO [dbo].[InventoryItems] ([Id], [Name], [Quantity], [Unit], [Status]) VALUES (413, N'MINIPRESS 2 mg tabletta', 177, 0, 2)
INSERT INTO [dbo].[InventoryItems] ([Id], [Name], [Quantity], [Unit], [Status]) VALUES (414, N'MINULET 75 µg/30 µg bevont tabletta', 128, 0, 2)
INSERT INTO [dbo].[InventoryItems] ([Id], [Name], [Quantity], [Unit], [Status]) VALUES (415, N'MIRALGIN tabletta', 753, 0, 2)
INSERT INTO [dbo].[InventoryItems] ([Id], [Name], [Quantity], [Unit], [Status]) VALUES (416, N'MOTILIUM 10 mg filmtabletta', 662, 0, 2)
INSERT INTO [dbo].[InventoryItems] ([Id], [Name], [Quantity], [Unit], [Status]) VALUES (417, N'MST CONTINUS 10 mg retard filmtabletta', 630, 0, 2)
INSERT INTO [dbo].[InventoryItems] ([Id], [Name], [Quantity], [Unit], [Status]) VALUES (418, N'MST CONTINUS 100 mg retard filmtabletta', 126, 0, 2)
INSERT INTO [dbo].[InventoryItems] ([Id], [Name], [Quantity], [Unit], [Status]) VALUES (419, N'MST CONTINUS 30 mg retard filmtabletta', 797, 0, 2)
INSERT INTO [dbo].[InventoryItems] ([Id], [Name], [Quantity], [Unit], [Status]) VALUES (420, N'MST CONTINUS 60 mg retard filmtabletta', 291, 0, 2)
INSERT INTO [dbo].[InventoryItems] ([Id], [Name], [Quantity], [Unit], [Status]) VALUES (421, N'MYOFLEXIN 250 mg tabletta', 223, 0, 2)
INSERT INTO [dbo].[InventoryItems] ([Id], [Name], [Quantity], [Unit], [Status]) VALUES (422, N'NAPROSYN 250 mg tabletta', 52, 0, 2)
INSERT INTO [dbo].[InventoryItems] ([Id], [Name], [Quantity], [Unit], [Status]) VALUES (423, N'NEO-GILURYTMAL 20 mg filmtabletta', 805, 0, 2)
INSERT INTO [dbo].[InventoryItems] ([Id], [Name], [Quantity], [Unit], [Status]) VALUES (424, N'NEO-PANPUR gyomornedv-ellenálló filmtabletta', 744, 0, 2)
INSERT INTO [dbo].[InventoryItems] ([Id], [Name], [Quantity], [Unit], [Status]) VALUES (425, N'NEOMAGNOL 1000 mg tabletta', 855, 0, 2)
INSERT INTO [dbo].[InventoryItems] ([Id], [Name], [Quantity], [Unit], [Status]) VALUES (426, N'NEUROTOP 200 mg tabletta', 500, 0, 2)
INSERT INTO [dbo].[InventoryItems] ([Id], [Name], [Quantity], [Unit], [Status]) VALUES (427, N'NEUROTOP 300 mg retard tabletta', 828, 0, 2)
INSERT INTO [dbo].[InventoryItems] ([Id], [Name], [Quantity], [Unit], [Status]) VALUES (428, N'NEUROTOP 600 mg retard tabletta', 806, 0, 2)
INSERT INTO [dbo].[InventoryItems] ([Id], [Name], [Quantity], [Unit], [Status]) VALUES (429, N'NIMOTOP filmtabletta', 10, 0, 2)
INSERT INTO [dbo].[InventoryItems] ([Id], [Name], [Quantity], [Unit], [Status]) VALUES (430, N'NITROFURANTOIN CHINOIN 0,1 g tabletta', 232, 0, 2)
INSERT INTO [dbo].[InventoryItems] ([Id], [Name], [Quantity], [Unit], [Status]) VALUES (431, N'NITROMINT 2,6 mg retard tabletta', 360, 0, 2)
INSERT INTO [dbo].[InventoryItems] ([Id], [Name], [Quantity], [Unit], [Status]) VALUES (432, N'NITROMINT 0,5 mg tabletta', 362, 0, 2)
INSERT INTO [dbo].[InventoryItems] ([Id], [Name], [Quantity], [Unit], [Status]) VALUES (433, N'NO-SPA 40 mg tabletta', 553, 0, 2)
INSERT INTO [dbo].[InventoryItems] ([Id], [Name], [Quantity], [Unit], [Status]) VALUES (434, N'NOLICIN 400 mg filmtabletta', 267, 0, 2)
INSERT INTO [dbo].[InventoryItems] ([Id], [Name], [Quantity], [Unit], [Status]) VALUES (435, N'NOOTROPIL 1200 mg filmtabletta', 150, 0, 2)
INSERT INTO [dbo].[InventoryItems] ([Id], [Name], [Quantity], [Unit], [Status]) VALUES (436, N'NOOTROPIL 800 mg filmtabletta', 632, 0, 2)
INSERT INTO [dbo].[InventoryItems] ([Id], [Name], [Quantity], [Unit], [Status]) VALUES (437, N'NORCOLUT 5 mg tabletta', 755, 0, 2)
INSERT INTO [dbo].[InventoryItems] ([Id], [Name], [Quantity], [Unit], [Status]) VALUES (438, N'NORVASC 10 mg tabletta', 478, 0, 2)
INSERT INTO [dbo].[InventoryItems] ([Id], [Name], [Quantity], [Unit], [Status]) VALUES (439, N'NORVASC 5 mg tabletta', 689, 0, 2)
INSERT INTO [dbo].[InventoryItems] ([Id], [Name], [Quantity], [Unit], [Status]) VALUES (440, N'OSPOLOT 200 mg filmtabletta', 948, 0, 2)
INSERT INTO [dbo].[InventoryItems] ([Id], [Name], [Quantity], [Unit], [Status]) VALUES (441, N'OVESTIN 1 mg tabletta', 408, 0, 2)
INSERT INTO [dbo].[InventoryItems] ([Id], [Name], [Quantity], [Unit], [Status]) VALUES (442, N'PANADOL 500 mg filmtabletta', 316, 0, 2)
INSERT INTO [dbo].[InventoryItems] ([Id], [Name], [Quantity], [Unit], [Status]) VALUES (443, N'PANANGIN 158 mg/140 mg filmtabletta', 469, 0, 2)
INSERT INTO [dbo].[InventoryItems] ([Id], [Name], [Quantity], [Unit], [Status]) VALUES (444, N'PERITOL tabletta', 820, 0, 2)
INSERT INTO [dbo].[InventoryItems] ([Id], [Name], [Quantity], [Unit], [Status]) VALUES (445, N'PHENOLPHTHALEINUM 0,5 g tabletta', 775, 0, 2)
INSERT INTO [dbo].[InventoryItems] ([Id], [Name], [Quantity], [Unit], [Status]) VALUES (446, N'PLENDIL 5 mg retard filmtabletta', 526, 0, 2)
INSERT INTO [dbo].[InventoryItems] ([Id], [Name], [Quantity], [Unit], [Status]) VALUES (447, N'POLCORTOLONE 4 mg tabletta', 580, 0, 2)
INSERT INTO [dbo].[InventoryItems] ([Id], [Name], [Quantity], [Unit], [Status]) VALUES (448, N'PREDNISOLON-RICHTER 5 mg tabletta', 138, 0, 2)
INSERT INTO [dbo].[InventoryItems] ([Id], [Name], [Quantity], [Unit], [Status]) VALUES (449, N'PROPRANOLOL Akadimpex 40 mg tabletta', 99, 0, 2)
INSERT INTO [dbo].[InventoryItems] ([Id], [Name], [Quantity], [Unit], [Status]) VALUES (450, N'PROVERA 10 mg tabletta', 995, 0, 2)
INSERT INTO [dbo].[InventoryItems] ([Id], [Name], [Quantity], [Unit], [Status]) VALUES (451, N'PROVERA 100 mg tabletta', 863, 0, 2)
INSERT INTO [dbo].[InventoryItems] ([Id], [Name], [Quantity], [Unit], [Status]) VALUES (452, N'PROVERA 5 mg tabletta', 182, 0, 2)
INSERT INTO [dbo].[InventoryItems] ([Id], [Name], [Quantity], [Unit], [Status]) VALUES (453, N'PROVERA 500 mg tabletta', 959, 0, 2)
INSERT INTO [dbo].[InventoryItems] ([Id], [Name], [Quantity], [Unit], [Status]) VALUES (454, N'QUAMATEL 20 mg filmtabletta', 423, 0, 2)
INSERT INTO [dbo].[InventoryItems] ([Id], [Name], [Quantity], [Unit], [Status]) VALUES (455, N'QUAMATEL 40 mg filmtabletta', 392, 0, 2)
INSERT INTO [dbo].[InventoryItems] ([Id], [Name], [Quantity], [Unit], [Status]) VALUES (456, N'QUARELIN tabletta', 315, 0, 2)
INSERT INTO [dbo].[InventoryItems] ([Id], [Name], [Quantity], [Unit], [Status]) VALUES (457, N'REASEC 2,5 mg/0,025 mg tabletta', 876, 0, 2)
INSERT INTO [dbo].[InventoryItems] ([Id], [Name], [Quantity], [Unit], [Status]) VALUES (458, N'RELIFEX 500 mg filmtabletta', 827, 0, 2)
INSERT INTO [dbo].[InventoryItems] ([Id], [Name], [Quantity], [Unit], [Status]) VALUES (459, N'RENITEC 10 mg tabletta', 674, 0, 2)
INSERT INTO [dbo].[InventoryItems] ([Id], [Name], [Quantity], [Unit], [Status]) VALUES (460, N'RENITEC 2,5 mg tabletta', 747, 0, 2)
INSERT INTO [dbo].[InventoryItems] ([Id], [Name], [Quantity], [Unit], [Status]) VALUES (461, N'RENITEC 20 mg tabletta', 428, 0, 2)
INSERT INTO [dbo].[InventoryItems] ([Id], [Name], [Quantity], [Unit], [Status]) VALUES (462, N'RENITEC 5 mg tabletta', 86, 0, 2)
INSERT INTO [dbo].[InventoryItems] ([Id], [Name], [Quantity], [Unit], [Status]) VALUES (463, N'RETAFYLLIN 200 mg retard tabletta', 592, 0, 2)
INSERT INTO [dbo].[InventoryItems] ([Id], [Name], [Quantity], [Unit], [Status]) VALUES (464, N'RETAFYLLIN 300 mg retard tabletta', 943, 0, 2)
INSERT INTO [dbo].[InventoryItems] ([Id], [Name], [Quantity], [Unit], [Status]) VALUES (465, N'RHEOSOLON 100 mg/2 mg tabletta', 136, 0, 2)
INSERT INTO [dbo].[InventoryItems] ([Id], [Name], [Quantity], [Unit], [Status]) VALUES (466, N'RIVOTRIL 0,5 mg tabletta', 375, 0, 2)
INSERT INTO [dbo].[InventoryItems] ([Id], [Name], [Quantity], [Unit], [Status]) VALUES (467, N'RIVOTRIL 2 mg tabletta', 650, 0, 2)
INSERT INTO [dbo].[InventoryItems] ([Id], [Name], [Quantity], [Unit], [Status]) VALUES (468, N'ROVAMYCINE 1,5 millió NE filmtabletta', 702, 0, 2)
INSERT INTO [dbo].[InventoryItems] ([Id], [Name], [Quantity], [Unit], [Status]) VALUES (469, N'RUBOPHEN 500 mg tabletta', 727, 0, 2)
INSERT INTO [dbo].[InventoryItems] ([Id], [Name], [Quantity], [Unit], [Status]) VALUES (470, N'RUDOTEL 10 mg tabletta', 775, 0, 2)
INSERT INTO [dbo].[InventoryItems] ([Id], [Name], [Quantity], [Unit], [Status]) VALUES (471, N'RUTASCORBIN tabletta', 966, 0, 2)
INSERT INTO [dbo].[InventoryItems] ([Id], [Name], [Quantity], [Unit], [Status]) VALUES (472, N'RYTMONORM 150 mg filmtabletta', 132, 0, 2)
INSERT INTO [dbo].[InventoryItems] ([Id], [Name], [Quantity], [Unit], [Status]) VALUES (473, N'RYTMONORM 300 mg filmtabletta', 936, 0, 2)
INSERT INTO [dbo].[InventoryItems] ([Id], [Name], [Quantity], [Unit], [Status]) VALUES (474, N'SALAZOPYRIN EN 500 mg gyomornedv-ellenálló tabletta', 252, 0, 2)
INSERT INTO [dbo].[InventoryItems] ([Id], [Name], [Quantity], [Unit], [Status]) VALUES (475, N'SALBUTAMOL 2 mg tabletta', 133, 0, 2)
INSERT INTO [dbo].[InventoryItems] ([Id], [Name], [Quantity], [Unit], [Status]) VALUES (476, N'SALOFALK 250 mg bélben oldódó tabletta', 425, 0, 2)
INSERT INTO [dbo].[InventoryItems] ([Id], [Name], [Quantity], [Unit], [Status]) VALUES (477, N'SARIDON tabletta', 798, 0, 2)
INSERT INTO [dbo].[InventoryItems] ([Id], [Name], [Quantity], [Unit], [Status]) VALUES (478, N'SEDUXEN 5 mg tabletta', 88, 0, 2)
INSERT INTO [dbo].[InventoryItems] ([Id], [Name], [Quantity], [Unit], [Status]) VALUES (479, N'SEPTOFORT tabletta', 380, 0, 2)
INSERT INTO [dbo].[InventoryItems] ([Id], [Name], [Quantity], [Unit], [Status]) VALUES (480, N'SEROPRAM 20 mg filmtabletta', 635, 0, 2)
INSERT INTO [dbo].[InventoryItems] ([Id], [Name], [Quantity], [Unit], [Status]) VALUES (481, N'SERTAN tabletta', 840, 0, 2)
INSERT INTO [dbo].[InventoryItems] ([Id], [Name], [Quantity], [Unit], [Status]) VALUES (482, N'SEVENAL 100 mg tabletta', 509, 0, 2)
INSERT INTO [dbo].[InventoryItems] ([Id], [Name], [Quantity], [Unit], [Status]) VALUES (483, N'SEVENALETTA 15 mg tabletta', 193, 0, 2)
INSERT INTO [dbo].[InventoryItems] ([Id], [Name], [Quantity], [Unit], [Status]) VALUES (484, N'SIBELIUM 10 mg tabletta', 462, 0, 2)
INSERT INTO [dbo].[InventoryItems] ([Id], [Name], [Quantity], [Unit], [Status]) VALUES (485, N'SIGNOPAM 10 mg tabletta', 366, 0, 2)
INSERT INTO [dbo].[InventoryItems] ([Id], [Name], [Quantity], [Unit], [Status]) VALUES (486, N'SINECOD 50 mg retard filmtabletta', 520, 0, 2)
INSERT INTO [dbo].[InventoryItems] ([Id], [Name], [Quantity], [Unit], [Status]) VALUES (487, N'SIRDALUD 4 mg tabletta', 164, 0, 2)
INSERT INTO [dbo].[InventoryItems] ([Id], [Name], [Quantity], [Unit], [Status]) VALUES (488, N'SORBIFER DURULES 320 mg filmtabletta', 780, 0, 2)
INSERT INTO [dbo].[InventoryItems] ([Id], [Name], [Quantity], [Unit], [Status]) VALUES (489, N'SP 54 bevont tabletta', 112, 0, 2)
INSERT INTO [dbo].[InventoryItems] ([Id], [Name], [Quantity], [Unit], [Status]) VALUES (490, N'SPIROPENT 0,02 mg tabletta', 478, 0, 2)
INSERT INTO [dbo].[InventoryItems] ([Id], [Name], [Quantity], [Unit], [Status]) VALUES (491, N'STAZEPINE 200 mg tabletta', 45, 0, 2)
INSERT INTO [dbo].[InventoryItems] ([Id], [Name], [Quantity], [Unit], [Status]) VALUES (492, N'STILNOX 10 mg filmtabletta', 693, 0, 2)
INSERT INTO [dbo].[InventoryItems] ([Id], [Name], [Quantity], [Unit], [Status]) VALUES (493, N'STUGERON 25 mg tabletta', 293, 0, 2)
INSERT INTO [dbo].[InventoryItems] ([Id], [Name], [Quantity], [Unit], [Status]) VALUES (494, N'SUMETROLIM 400 mg/80 mg tabletta', 287, 0, 2)
INSERT INTO [dbo].[InventoryItems] ([Id], [Name], [Quantity], [Unit], [Status]) VALUES (495, N'SURAL 250 mg tabletta', 192, 0, 2)
INSERT INTO [dbo].[InventoryItems] ([Id], [Name], [Quantity], [Unit], [Status]) VALUES (496, N'SUSTAC FORTE 6,4 mg retard tabletta', 442, 0, 2)
INSERT INTO [dbo].[InventoryItems] ([Id], [Name], [Quantity], [Unit], [Status]) VALUES (497, N'SUSTAC MITE 2,6 mg retard tabletta', 519, 0, 2)
INSERT INTO [dbo].[InventoryItems] ([Id], [Name], [Quantity], [Unit], [Status]) VALUES (498, N'TEGRETOL 200 mg tabletta', 461, 0, 2)
INSERT INTO [dbo].[InventoryItems] ([Id], [Name], [Quantity], [Unit], [Status]) VALUES (499, N'TEGRETOL CR 200 mg módosított hatóanyagleadású tabletta', 374, 0, 2)
INSERT INTO [dbo].[InventoryItems] ([Id], [Name], [Quantity], [Unit], [Status]) VALUES (500, N'TEGRETOL CR 400 mg módosított hatóanyagleadású tabletta', 375, 0, 2)
INSERT INTO [dbo].[InventoryItems] ([Id], [Name], [Quantity], [Unit], [Status]) VALUES (501, N'TENSIOMIN 12,5 mg tabletta', 456, 0, 2)
INSERT INTO [dbo].[InventoryItems] ([Id], [Name], [Quantity], [Unit], [Status]) VALUES (502, N'TENSIOMIN 25 mg tabletta', 739, 0, 2)
INSERT INTO [dbo].[InventoryItems] ([Id], [Name], [Quantity], [Unit], [Status]) VALUES (503, N'TENSIOMIN 50 mg tabletta', 522, 0, 2)
INSERT INTO [dbo].[InventoryItems] ([Id], [Name], [Quantity], [Unit], [Status]) VALUES (504, N'THEOPHTARD 150 mg retard tabletta', 426, 0, 2)
INSERT INTO [dbo].[InventoryItems] ([Id], [Name], [Quantity], [Unit], [Status]) VALUES (505, N'TIAPRIDAL 100 mg tabletta', 846, 0, 2)
INSERT INTO [dbo].[InventoryItems] ([Id], [Name], [Quantity], [Unit], [Status]) VALUES (506, N'TICLID 250 mg filmtabletta', 308, 0, 2)
INSERT INTO [dbo].[InventoryItems] ([Id], [Name], [Quantity], [Unit], [Status]) VALUES (507, N'TIMONIL 300 mg retard tabletta', 933, 0, 2)
INSERT INTO [dbo].[InventoryItems] ([Id], [Name], [Quantity], [Unit], [Status]) VALUES (508, N'TINIDAZOL-POL 500 mg filmtabletta', 738, 0, 2)
INSERT INTO [dbo].[InventoryItems] ([Id], [Name], [Quantity], [Unit], [Status]) VALUES (509, N'TISERCIN 25 mg filmtabletta', 983, 0, 2)
INSERT INTO [dbo].[InventoryItems] ([Id], [Name], [Quantity], [Unit], [Status]) VALUES (510, N'TRISEQUENS filmtabletta', 103, 0, 2)
INSERT INTO [dbo].[InventoryItems] ([Id], [Name], [Quantity], [Unit], [Status]) VALUES (511, N'TRISEQUENS filmtabletta', 341, 0, 2)
INSERT INTO [dbo].[InventoryItems] ([Id], [Name], [Quantity], [Unit], [Status]) VALUES (512, N'TRISEQUENS filmtabletta', 387, 0, 2)
INSERT INTO [dbo].[InventoryItems] ([Id], [Name], [Quantity], [Unit], [Status]) VALUES (513, N'TROPARIN COMBINATUM tabletta', 151, 0, 2)
INSERT INTO [dbo].[InventoryItems] ([Id], [Name], [Quantity], [Unit], [Status]) VALUES (514, N'ULCERAN 150 mg filmtabletta', 706, 0, 2)
INSERT INTO [dbo].[InventoryItems] ([Id], [Name], [Quantity], [Unit], [Status]) VALUES (515, N'ULCERAN 300 mg filmtabletta', 192, 0, 2)
INSERT INTO [dbo].[InventoryItems] ([Id], [Name], [Quantity], [Unit], [Status]) VALUES (516, N'UNASYN 375 mg filmtabletta', 811, 0, 2)
INSERT INTO [dbo].[InventoryItems] ([Id], [Name], [Quantity], [Unit], [Status]) VALUES (517, N'UREGYT 50 mg tabletta', 516, 0, 2)
INSERT INTO [dbo].[InventoryItems] ([Id], [Name], [Quantity], [Unit], [Status]) VALUES (518, N'VENORUTON FORTE 500 mg tabletta', 844, 0, 2)
INSERT INTO [dbo].[InventoryItems] ([Id], [Name], [Quantity], [Unit], [Status]) VALUES (519, N'VERAPAMIL 40 mg filmtabletta', 431, 0, 2)
INSERT INTO [dbo].[InventoryItems] ([Id], [Name], [Quantity], [Unit], [Status]) VALUES (520, N'VERMOX 100 mg tabletta', 362, 0, 2)
INSERT INTO [dbo].[InventoryItems] ([Id], [Name], [Quantity], [Unit], [Status]) VALUES (521, N'VEROSPIRON 25 mg tabletta', 912, 0, 2)
INSERT INTO [dbo].[InventoryItems] ([Id], [Name], [Quantity], [Unit], [Status]) VALUES (522, N'VIROLEX 200 mg tabletta', 909, 0, 2)
INSERT INTO [dbo].[InventoryItems] ([Id], [Name], [Quantity], [Unit], [Status]) VALUES (523, N'VISKALDIX 5 mg/10 mg tabletta', 598, 0, 2)
INSERT INTO [dbo].[InventoryItems] ([Id], [Name], [Quantity], [Unit], [Status]) VALUES (524, N'VITAMIN B1 ZENTIVA 10 mg tabletta', 659, 0, 2)
INSERT INTO [dbo].[InventoryItems] ([Id], [Name], [Quantity], [Unit], [Status]) VALUES (525, N'VITAMIN B6 EGIS 20 mg tabletta', 497, 0, 2)
INSERT INTO [dbo].[InventoryItems] ([Id], [Name], [Quantity], [Unit], [Status]) VALUES (526, N'VITAMIN C EGIS 200 mg filmtabletta', 275, 0, 2)
INSERT INTO [dbo].[InventoryItems] ([Id], [Name], [Quantity], [Unit], [Status]) VALUES (527, N'VITAMIN D3 Fresenius 1000 NE tabletta', 710, 0, 2)
INSERT INTO [dbo].[InventoryItems] ([Id], [Name], [Quantity], [Unit], [Status]) VALUES (528, N'C-VITAMIN PHARMAVIT 1000 mg pezsgőtabletta', 892, 0, 2)
INSERT INTO [dbo].[InventoryItems] ([Id], [Name], [Quantity], [Unit], [Status]) VALUES (529, N'VOLTAREN 25 mg gyomornedv-ellenálló filmtabletta', 635, 0, 2)
INSERT INTO [dbo].[InventoryItems] ([Id], [Name], [Quantity], [Unit], [Status]) VALUES (530, N'VOLTAREN 50 mg gyomornedv-ellenálló filmtabletta', 617, 0, 2)
INSERT INTO [dbo].[InventoryItems] ([Id], [Name], [Quantity], [Unit], [Status]) VALUES (531, N'VOLTAREN 75 mg retard filmtabletta', 422, 0, 2)
INSERT INTO [dbo].[InventoryItems] ([Id], [Name], [Quantity], [Unit], [Status]) VALUES (532, N'XANAX 0,25 mg tabletta', 893, 0, 2)
INSERT INTO [dbo].[InventoryItems] ([Id], [Name], [Quantity], [Unit], [Status]) VALUES (533, N'XANAX 0,5 mg tabletta', 147, 0, 2)
INSERT INTO [dbo].[InventoryItems] ([Id], [Name], [Quantity], [Unit], [Status]) VALUES (534, N'XANAX 1 mg tabletta', 764, 0, 2)
INSERT INTO [dbo].[InventoryItems] ([Id], [Name], [Quantity], [Unit], [Status]) VALUES (535, N'ZANTAC 150 mg filmtabletta', 203, 0, 2)
INSERT INTO [dbo].[InventoryItems] ([Id], [Name], [Quantity], [Unit], [Status]) VALUES (536, N'ZANTAC 300 mg filmtabletta', 669, 0, 2)
INSERT INTO [dbo].[InventoryItems] ([Id], [Name], [Quantity], [Unit], [Status]) VALUES (537, N'ZINNAT 125 mg filmtabletta', 485, 0, 2)
INSERT INTO [dbo].[InventoryItems] ([Id], [Name], [Quantity], [Unit], [Status]) VALUES (538, N'ZINNAT 250 mg filmtabletta', 538, 0, 2)
INSERT INTO [dbo].[InventoryItems] ([Id], [Name], [Quantity], [Unit], [Status]) VALUES (539, N'ZINNAT 500 mg filmtabletta', 485, 0, 2)
INSERT INTO [dbo].[InventoryItems] ([Id], [Name], [Quantity], [Unit], [Status]) VALUES (540, N'ZITAZONIUM 10 mg tabletta', 699, 0, 2)
INSERT INTO [dbo].[InventoryItems] ([Id], [Name], [Quantity], [Unit], [Status]) VALUES (541, N'ZOCOR 10 mg filmtabletta', 78, 0, 2)
INSERT INTO [dbo].[InventoryItems] ([Id], [Name], [Quantity], [Unit], [Status]) VALUES (542, N'ZOCOR 20 mg filmtabletta', 363, 0, 2)
INSERT INTO [dbo].[InventoryItems] ([Id], [Name], [Quantity], [Unit], [Status]) VALUES (543, N'ZOFRAN 4 mg filmtabletta', 737, 0, 2)
INSERT INTO [dbo].[InventoryItems] ([Id], [Name], [Quantity], [Unit], [Status]) VALUES (544, N'ZOFRAN 8 mg filmtabletta', 782, 0, 2)
INSERT INTO [dbo].[InventoryItems] ([Id], [Name], [Quantity], [Unit], [Status]) VALUES (545, N'ZYRTEC 10 mg filmtabletta', 420, 0, 2)
INSERT INTO [dbo].[InventoryItems] ([Id], [Name], [Quantity], [Unit], [Status]) VALUES (546, N'AMOXICILLIN-TEVA 1000 mg tabletta', 224, 0, 2)
INSERT INTO [dbo].[InventoryItems] ([Id], [Name], [Quantity], [Unit], [Status]) VALUES (547, N'ANTAETHYL 500 mg tabletta', 197, 0, 2)
INSERT INTO [dbo].[InventoryItems] ([Id], [Name], [Quantity], [Unit], [Status]) VALUES (548, N'PAXIRASOL 8 mg tabletta', 465, 0, 2)
INSERT INTO [dbo].[InventoryItems] ([Id], [Name], [Quantity], [Unit], [Status]) VALUES (549, N'ALKA-SELTZER 324 mg pezsgőtabletta', 338, 0, 2)
INSERT INTO [dbo].[InventoryItems] ([Id], [Name], [Quantity], [Unit], [Status]) VALUES (550, N'RIGEVIDON 150 µg/30 µg bevont tabletta', 193, 0, 2)
INSERT INTO [dbo].[InventoryItems] ([Id], [Name], [Quantity], [Unit], [Status]) VALUES (551, N'TALCID 0,5 g rágótabletta', 873, 0, 2)
INSERT INTO [dbo].[InventoryItems] ([Id], [Name], [Quantity], [Unit], [Status]) VALUES (552, N'TRENTAL 400 mg filmtabletta', 479, 0, 2)
INSERT INTO [dbo].[InventoryItems] ([Id], [Name], [Quantity], [Unit], [Status]) VALUES (553, N'ZOLOFT 50 mg filmtabletta', 524, 0, 2)
INSERT INTO [dbo].[InventoryItems] ([Id], [Name], [Quantity], [Unit], [Status]) VALUES (554, N'LIBEXIN 100 mg tabletta', 868, 0, 2)
INSERT INTO [dbo].[InventoryItems] ([Id], [Name], [Quantity], [Unit], [Status]) VALUES (555, N'SUPRASTIN tabletta', 742, 0, 2)
INSERT INTO [dbo].[InventoryItems] ([Id], [Name], [Quantity], [Unit], [Status]) VALUES (556, N'DICLOFENAC STADA 100 mg retard filmtabletta', 353, 0, 2)
INSERT INTO [dbo].[InventoryItems] ([Id], [Name], [Quantity], [Unit], [Status]) VALUES (557, N'SEROXAT 20 mg filmtabletta', 664, 0, 2)
INSERT INTO [dbo].[InventoryItems] ([Id], [Name], [Quantity], [Unit], [Status]) VALUES (558, N'SOTALEX MITE 80 mg tabletta', 299, 0, 2)
INSERT INTO [dbo].[InventoryItems] ([Id], [Name], [Quantity], [Unit], [Status]) VALUES (559, N'THEOSPIREX 150 mg retard filmtabletta', 660, 0, 2)
INSERT INTO [dbo].[InventoryItems] ([Id], [Name], [Quantity], [Unit], [Status]) VALUES (560, N'THEOSPIREX 300 mg retard filmtabletta', 288, 0, 2)
INSERT INTO [dbo].[InventoryItems] ([Id], [Name], [Quantity], [Unit], [Status]) VALUES (561, N'BETALOC 50 mg tabletta', 184, 0, 2)
INSERT INTO [dbo].[InventoryItems] ([Id], [Name], [Quantity], [Unit], [Status]) VALUES (562, N'AKINETON 2 mg tabletta', 924, 0, 2)
INSERT INTO [dbo].[InventoryItems] ([Id], [Name], [Quantity], [Unit], [Status]) VALUES (563, N'OSPEN 1 000 000 NE filmtabletta', 878, 0, 2)
INSERT INTO [dbo].[InventoryItems] ([Id], [Name], [Quantity], [Unit], [Status]) VALUES (564, N'OSPEN 1 500 000 NE filmtabletta', 239, 0, 2)
INSERT INTO [dbo].[InventoryItems] ([Id], [Name], [Quantity], [Unit], [Status]) VALUES (565, N'ACCUPRO 5 mg filmtabletta', 601, 0, 2)
INSERT INTO [dbo].[InventoryItems] ([Id], [Name], [Quantity], [Unit], [Status]) VALUES (566, N'ACCUPRO 10 mg filmtabletta', 790, 0, 2)
INSERT INTO [dbo].[InventoryItems] ([Id], [Name], [Quantity], [Unit], [Status]) VALUES (567, N'ACCUPRO 20 mg filmtabletta', 618, 0, 2)
INSERT INTO [dbo].[InventoryItems] ([Id], [Name], [Quantity], [Unit], [Status]) VALUES (568, N'OSPAMOX 500 mg filmtabletta', 512, 0, 2)
INSERT INTO [dbo].[InventoryItems] ([Id], [Name], [Quantity], [Unit], [Status]) VALUES (569, N'OSPAMOX 750 mg filmtabletta', 408, 0, 2)
INSERT INTO [dbo].[InventoryItems] ([Id], [Name], [Quantity], [Unit], [Status]) VALUES (570, N'OSPAMOX 1000 mg filmtabletta', 756, 0, 2)
INSERT INTO [dbo].[InventoryItems] ([Id], [Name], [Quantity], [Unit], [Status]) VALUES (571, N'JODID 100 µg tabletta', 968, 0, 2)
INSERT INTO [dbo].[InventoryItems] ([Id], [Name], [Quantity], [Unit], [Status]) VALUES (572, N'JODID 200 µg tabletta', 510, 0, 2)
INSERT INTO [dbo].[InventoryItems] ([Id], [Name], [Quantity], [Unit], [Status]) VALUES (573, N'PROPAFENON PHARMAVIT 150 mg filmtabletta', 970, 0, 2)
INSERT INTO [dbo].[InventoryItems] ([Id], [Name], [Quantity], [Unit], [Status]) VALUES (574, N'CYNT 0,2 mg filmtabletta', 953, 0, 2)
INSERT INTO [dbo].[InventoryItems] ([Id], [Name], [Quantity], [Unit], [Status]) VALUES (575, N'PROPAFENON PHARMAVIT 300 mg filmtabletta', 633, 0, 2)
INSERT INTO [dbo].[InventoryItems] ([Id], [Name], [Quantity], [Unit], [Status]) VALUES (576, N'ALFETIM SR 5 mg retard filmtabletta', 262, 0, 2)
INSERT INTO [dbo].[InventoryItems] ([Id], [Name], [Quantity], [Unit], [Status]) VALUES (577, N'CYNT 0,4 mg filmtabletta', 571, 0, 2)
INSERT INTO [dbo].[InventoryItems] ([Id], [Name], [Quantity], [Unit], [Status]) VALUES (578, N'CO-RENITEC 20 mg/12,5 mg tabletta', 955, 0, 2)
INSERT INTO [dbo].[InventoryItems] ([Id], [Name], [Quantity], [Unit], [Status]) VALUES (579, N'PANALGORIN 500 mg tabletta', 636, 0, 2)
INSERT INTO [dbo].[InventoryItems] ([Id], [Name], [Quantity], [Unit], [Status]) VALUES (580, N'PROSTIN E2 Vaginal 3 mg hüvelytabletta', 146, 0, 2)
INSERT INTO [dbo].[InventoryItems] ([Id], [Name], [Quantity], [Unit], [Status]) VALUES (581, N'LOTENSIN HCT 5 mg/6,25 mg filmtabletta', 110, 0, 2)
INSERT INTO [dbo].[InventoryItems] ([Id], [Name], [Quantity], [Unit], [Status]) VALUES (582, N'RIFAMED 300 mg filmtabletta', 218, 0, 2)
INSERT INTO [dbo].[InventoryItems] ([Id], [Name], [Quantity], [Unit], [Status]) VALUES (583, N'STREPSILS HONEY AND LEMON szopogató tabletta', 716, 0, 2)
INSERT INTO [dbo].[InventoryItems] ([Id], [Name], [Quantity], [Unit], [Status]) VALUES (584, N'AMBROXOL-TEVA 30 mg tabletta', 187, 0, 2)
INSERT INTO [dbo].[InventoryItems] ([Id], [Name], [Quantity], [Unit], [Status]) VALUES (585, N'LOTENSIN HCT 10 mg/12,5 mg filmtabletta', 529, 0, 2)
INSERT INTO [dbo].[InventoryItems] ([Id], [Name], [Quantity], [Unit], [Status]) VALUES (586, N'MAGNE B6 bevont tabletta', 885, 0, 2)
INSERT INTO [dbo].[InventoryItems] ([Id], [Name], [Quantity], [Unit], [Status]) VALUES (587, N'RIFAMED 150 mg filmtabletta', 101, 0, 2)
INSERT INTO [dbo].[InventoryItems] ([Id], [Name], [Quantity], [Unit], [Status]) VALUES (588, N'STREPSILS MENTHOL AND EUCALYPTUS szopogató tabletta', 351, 0, 2)
INSERT INTO [dbo].[InventoryItems] ([Id], [Name], [Quantity], [Unit], [Status]) VALUES (589, N'RIFAZID 150 mg/100 mg filmtabletta', 548, 0, 2)
INSERT INTO [dbo].[InventoryItems] ([Id], [Name], [Quantity], [Unit], [Status]) VALUES (590, N'RIFAZID 300 mg/150 mg filmtabletta', 179, 0, 2)
INSERT INTO [dbo].[InventoryItems] ([Id], [Name], [Quantity], [Unit], [Status]) VALUES (591, N'MEDAZEPAM-TEVA 10 mg tabletta', 679, 0, 2)
INSERT INTO [dbo].[InventoryItems] ([Id], [Name], [Quantity], [Unit], [Status]) VALUES (592, N'TOLVON 60 mg filmtabletta', 234, 0, 2)
INSERT INTO [dbo].[InventoryItems] ([Id], [Name], [Quantity], [Unit], [Status]) VALUES (593, N'SERMION 30 mg filmtabletta', 109, 0, 2)
INSERT INTO [dbo].[InventoryItems] ([Id], [Name], [Quantity], [Unit], [Status]) VALUES (594, N'BETASERC 16 mg tabletta', 178, 0, 2)
INSERT INTO [dbo].[InventoryItems] ([Id], [Name], [Quantity], [Unit], [Status]) VALUES (595, N'MONO MACK DEPOT 100 mg retard tabletta', 526, 0, 2)
INSERT INTO [dbo].[InventoryItems] ([Id], [Name], [Quantity], [Unit], [Status]) VALUES (596, N'CECLOR 750 mg retard tabletta', 829, 0, 2)
INSERT INTO [dbo].[InventoryItems] ([Id], [Name], [Quantity], [Unit], [Status]) VALUES (597, N'CECLOR 375 mg retard tabletta', 283, 0, 2)
INSERT INTO [dbo].[InventoryItems] ([Id], [Name], [Quantity], [Unit], [Status]) VALUES (598, N'CECLOR 500 mg retard tabletta', 127, 0, 2)
INSERT INTO [dbo].[InventoryItems] ([Id], [Name], [Quantity], [Unit], [Status]) VALUES (599, N'PROPYCIL 50 mg tabletta', 342, 0, 2)
INSERT INTO [dbo].[InventoryItems] ([Id], [Name], [Quantity], [Unit], [Status]) VALUES (600, N'CHINOTAL 400 mg bevont tabletta', 534, 0, 2)
INSERT INTO [dbo].[InventoryItems] ([Id], [Name], [Quantity], [Unit], [Status]) VALUES (601, N'BLEMAREN pezsgőtabletta', 906, 0, 2)
INSERT INTO [dbo].[InventoryItems] ([Id], [Name], [Quantity], [Unit], [Status]) VALUES (602, N'LEPONEX 25 mg tabletta', 50, 0, 2)
INSERT INTO [dbo].[InventoryItems] ([Id], [Name], [Quantity], [Unit], [Status]) VALUES (603, N'LEPONEX 100 mg tabletta', 506, 0, 2)
INSERT INTO [dbo].[InventoryItems] ([Id], [Name], [Quantity], [Unit], [Status]) VALUES (604, N'PK-MERZ 100 mg filmtabletta', 589, 0, 2)
INSERT INTO [dbo].[InventoryItems] ([Id], [Name], [Quantity], [Unit], [Status]) VALUES (605, N'AMILOZID-TEVA 50 mg/5 mg tabletta', 420, 0, 2)
INSERT INTO [dbo].[InventoryItems] ([Id], [Name], [Quantity], [Unit], [Status]) VALUES (606, N'ATARAX 25 mg filmtabletta', 603, 0, 2)
INSERT INTO [dbo].[InventoryItems] ([Id], [Name], [Quantity], [Unit], [Status]) VALUES (607, N'CONTROLOC 20 mg gyomornedv-ellenálló tabletta', 762, 0, 2)
INSERT INTO [dbo].[InventoryItems] ([Id], [Name], [Quantity], [Unit], [Status]) VALUES (608, N'DIGIMERCK 0,1 mg tabletta', 246, 0, 2)
INSERT INTO [dbo].[InventoryItems] ([Id], [Name], [Quantity], [Unit], [Status]) VALUES (609, N'DIVINA tabletta', 515, 0, 2)
INSERT INTO [dbo].[InventoryItems] ([Id], [Name], [Quantity], [Unit], [Status]) VALUES (610, N'DIVINA tabletta', 336, 0, 2)
INSERT INTO [dbo].[InventoryItems] ([Id], [Name], [Quantity], [Unit], [Status]) VALUES (611, N'DOXYPHARM 100 mg filmtabletta', 692, 0, 2)
INSERT INTO [dbo].[InventoryItems] ([Id], [Name], [Quantity], [Unit], [Status]) VALUES (612, N'FERRO-GRADUMET filmtabletta', 355, 0, 2)
INSERT INTO [dbo].[InventoryItems] ([Id], [Name], [Quantity], [Unit], [Status]) VALUES (613, N'FERROGRAD FOLIC filmtabletta', 413, 0, 2)
INSERT INTO [dbo].[InventoryItems] ([Id], [Name], [Quantity], [Unit], [Status]) VALUES (614, N'HYTRIN 1 mg tabletta', 91, 0, 2)
INSERT INTO [dbo].[InventoryItems] ([Id], [Name], [Quantity], [Unit], [Status]) VALUES (615, N'HYTRIN 1 mg tabletta', 374, 0, 2)
INSERT INTO [dbo].[InventoryItems] ([Id], [Name], [Quantity], [Unit], [Status]) VALUES (616, N'LAMISIL pediatric 125 mg tabletta', 519, 0, 2)
INSERT INTO [dbo].[InventoryItems] ([Id], [Name], [Quantity], [Unit], [Status]) VALUES (617, N'LITICARB 500 mg tabletta', 322, 0, 2)
INSERT INTO [dbo].[InventoryItems] ([Id], [Name], [Quantity], [Unit], [Status]) VALUES (618, N'MERCILON tabletta', 319, 0, 2)
INSERT INTO [dbo].[InventoryItems] ([Id], [Name], [Quantity], [Unit], [Status]) VALUES (619, N'OSPEN 500 000 NE filmtabletta', 748, 0, 2)
INSERT INTO [dbo].[InventoryItems] ([Id], [Name], [Quantity], [Unit], [Status]) VALUES (620, N'PENTASA 500 mg retard tabletta', 379, 0, 2)
INSERT INTO [dbo].[InventoryItems] ([Id], [Name], [Quantity], [Unit], [Status]) VALUES (621, N'PROVIRON 25 mg tabletta', 237, 0, 2)
INSERT INTO [dbo].[InventoryItems] ([Id], [Name], [Quantity], [Unit], [Status]) VALUES (622, N'SALOFALK 500 mg bélben oldódó tabletta', 327, 0, 2)
INSERT INTO [dbo].[InventoryItems] ([Id], [Name], [Quantity], [Unit], [Status]) VALUES (623, N'TEBOFORTAN 40 mg filmtabletta', 979, 0, 2)
INSERT INTO [dbo].[InventoryItems] ([Id], [Name], [Quantity], [Unit], [Status]) VALUES (624, N'XANAX SR 0,5 mg retard tabletta uj', 474, 0, 2)
INSERT INTO [dbo].[InventoryItems] ([Id], [Name], [Quantity], [Unit], [Status]) VALUES (625, N'XANAX SR 1 mg retard tabletta', 309, 0, 2)
INSERT INTO [dbo].[InventoryItems] ([Id], [Name], [Quantity], [Unit], [Status]) VALUES (626, N'XANAX SR 2 mg retard tabletta', 636, 0, 2)
INSERT INTO [dbo].[InventoryItems] ([Id], [Name], [Quantity], [Unit], [Status]) VALUES (627, N'ZYMAFLUOR 0,25 mg bukkális tabletta', 133, 0, 2)
INSERT INTO [dbo].[InventoryItems] ([Id], [Name], [Quantity], [Unit], [Status]) VALUES (628, N'BETALOC ZOK 50 mg retard tabletta', 403, 0, 2)
INSERT INTO [dbo].[InventoryItems] ([Id], [Name], [Quantity], [Unit], [Status]) VALUES (629, N'TREXAN 2,5 mg tabletta', 509, 0, 2)
INSERT INTO [dbo].[InventoryItems] ([Id], [Name], [Quantity], [Unit], [Status]) VALUES (630, N'TRI-REGOL bevont tabletta', 509, 0, 2)
INSERT INTO [dbo].[InventoryItems] ([Id], [Name], [Quantity], [Unit], [Status]) VALUES (631, N'TRI-REGOL bevont tabletta', 94, 0, 2)
INSERT INTO [dbo].[InventoryItems] ([Id], [Name], [Quantity], [Unit], [Status]) VALUES (632, N'TRI-REGOL bevont tabletta', 317, 0, 2)
INSERT INTO [dbo].[InventoryItems] ([Id], [Name], [Quantity], [Unit], [Status]) VALUES (633, N'FLUIMUCIL 600 mg pezsgőtabletta', 510, 0, 2)
INSERT INTO [dbo].[InventoryItems] ([Id], [Name], [Quantity], [Unit], [Status]) VALUES (634, N'ENAP-HL 10 mg/12,5 mg tabletta', 120, 0, 2)
INSERT INTO [dbo].[InventoryItems] ([Id], [Name], [Quantity], [Unit], [Status]) VALUES (635, N'LISOPRESS 5 mg tabletta', 679, 0, 2)
INSERT INTO [dbo].[InventoryItems] ([Id], [Name], [Quantity], [Unit], [Status]) VALUES (636, N'LISOPRESS 10 mg tabletta', 201, 0, 2)
INSERT INTO [dbo].[InventoryItems] ([Id], [Name], [Quantity], [Unit], [Status]) VALUES (637, N'LISOPRESS 20 mg tabletta', 619, 0, 2)
INSERT INTO [dbo].[InventoryItems] ([Id], [Name], [Quantity], [Unit], [Status]) VALUES (638, N'POLLSTIMOL-CERNIL tabletta', 914, 0, 2)
INSERT INTO [dbo].[InventoryItems] ([Id], [Name], [Quantity], [Unit], [Status]) VALUES (639, N'ANTAGEL M 850 mg tabletta', 511, 0, 2)
INSERT INTO [dbo].[InventoryItems] ([Id], [Name], [Quantity], [Unit], [Status]) VALUES (640, N'BEN-U-RON 500 mg tabletta', 347, 0, 2)
INSERT INTO [dbo].[InventoryItems] ([Id], [Name], [Quantity], [Unit], [Status]) VALUES (641, N'ATENOBENE 50 mg filmtabletta', 201, 0, 2)
INSERT INTO [dbo].[InventoryItems] ([Id], [Name], [Quantity], [Unit], [Status]) VALUES (642, N'ATENOBENE 100 mg filmtabletta', 396, 0, 2)
INSERT INTO [dbo].[InventoryItems] ([Id], [Name], [Quantity], [Unit], [Status]) VALUES (643, N'CORVATON 2 mg tabletta', 653, 0, 2)
INSERT INTO [dbo].[InventoryItems] ([Id], [Name], [Quantity], [Unit], [Status]) VALUES (644, N'CORVATON forte 4 mg tabletta', 118, 0, 2)
INSERT INTO [dbo].[InventoryItems] ([Id], [Name], [Quantity], [Unit], [Status]) VALUES (645, N'CORVATON 8 mg retard tabletta', 623, 0, 2)
INSERT INTO [dbo].[InventoryItems] ([Id], [Name], [Quantity], [Unit], [Status]) VALUES (646, N'EXACYL filmtabletta', 745, 0, 2)
INSERT INTO [dbo].[InventoryItems] ([Id], [Name], [Quantity], [Unit], [Status]) VALUES (647, N'NORPROLAC 25 ug tabletta', 908, 0, 2)
SET IDENTITY_INSERT [dbo].[InventoryItems] OFF
===========================================================================================================================
SET IDENTITY_INSERT [dbo].[ItemUsages] ON
INSERT INTO [dbo].[ItemUsages] ([Id], [ItemId], [Name], [Quantity], [Unit], [Procedure_Id]) VALUES (1, 10, N'cérna kesztyű', 10, 0, 1)
INSERT INTO [dbo].[ItemUsages] ([Id], [ItemId], [Name], [Quantity], [Unit], [Procedure_Id]) VALUES (2, 14, N'diagnosztikai tesztcsík', 4, 0, 1)
INSERT INTO [dbo].[ItemUsages] ([Id], [ItemId], [Name], [Quantity], [Unit], [Procedure_Id]) VALUES (3, 22, N'fecskendő 3 részes tű nélkül - 100 ml cat', 2, 0, 1)
INSERT INTO [dbo].[ItemUsages] ([Id], [ItemId], [Name], [Quantity], [Unit], [Procedure_Id]) VALUES (4, 9, N'cardiac marker teszt', 4, 0, 2)
INSERT INTO [dbo].[ItemUsages] ([Id], [ItemId], [Name], [Quantity], [Unit], [Procedure_Id]) VALUES (5, 1, N'alginate ag ezüstbevonatos 10x10 cm', 1, 0, 9)
INSERT INTO [dbo].[ItemUsages] ([Id], [ItemId], [Name], [Quantity], [Unit], [Procedure_Id]) VALUES (6, 24, N'fecskendő 3 részes tű nélkül - 30 ml llc', 1, 0, 9)
INSERT INTO [dbo].[ItemUsages] ([Id], [ItemId], [Name], [Quantity], [Unit], [Procedure_Id]) VALUES (7, 55, N'gumikesztyű - steril', 1, 0, 9)
INSERT INTO [dbo].[ItemUsages] ([Id], [ItemId], [Name], [Quantity], [Unit], [Procedure_Id]) VALUES (8, 73, N'injekciós tű - steril', 1, 0, 9)
INSERT INTO [dbo].[ItemUsages] ([Id], [ItemId], [Name], [Quantity], [Unit], [Procedure_Id]) VALUES (9, 134, N'pamut gézlap 10x20 cm', 3, 0, 9)
INSERT INTO [dbo].[ItemUsages] ([Id], [ItemId], [Name], [Quantity], [Unit], [Procedure_Id]) VALUES (10, 176, N'steril kötszer gézlappal 7,2 x 5 cm', 2, 0, 10)
INSERT INTO [dbo].[ItemUsages] ([Id], [ItemId], [Name], [Quantity], [Unit], [Procedure_Id]) VALUES (11, 216, N'bőrfertőtlenítő', 3, 1, 10)
INSERT INTO [dbo].[ItemUsages] ([Id], [ItemId], [Name], [Quantity], [Unit], [Procedure_Id]) VALUES (12, 149, N'ragtapasz tekercs 9,14 x 2,5 cm', 1, 0, 10)
INSERT INTO [dbo].[ItemUsages] ([Id], [ItemId], [Name], [Quantity], [Unit], [Procedure_Id]) VALUES (13, 22, N'fecskendő 3 részes tű nélkül - 100 ml cat', 2, 0, 12)
INSERT INTO [dbo].[ItemUsages] ([Id], [ItemId], [Name], [Quantity], [Unit], [Procedure_Id]) VALUES (14, 176, N'steril kötszer gézlappal 7,2 x 5 cm', 6, 0, 12)
INSERT INTO [dbo].[ItemUsages] ([Id], [ItemId], [Name], [Quantity], [Unit], [Procedure_Id]) VALUES (15, 134, N'pamut gézlap 10x20 cm', 3, 0, 12)
INSERT INTO [dbo].[ItemUsages] ([Id], [ItemId], [Name], [Quantity], [Unit], [Procedure_Id]) VALUES (16, 175, N'steril kesztyű - púdermentes', 13, 0, 12)
INSERT INTO [dbo].[ItemUsages] ([Id], [ItemId], [Name], [Quantity], [Unit], [Procedure_Id]) VALUES (17, 181, N'szikepenge + nyél -egyszerhasználatos', 1, 0, 12)
INSERT INTO [dbo].[ItemUsages] ([Id], [ItemId], [Name], [Quantity], [Unit], [Procedure_Id]) VALUES (18, 189, N'tűfogó - steril', 1, 0, 12)
INSERT INTO [dbo].[ItemUsages] ([Id], [ItemId], [Name], [Quantity], [Unit], [Procedure_Id]) VALUES (19, 73, N'injekciós tű - steril', 4, 0, 12)
INSERT INTO [dbo].[ItemUsages] ([Id], [ItemId], [Name], [Quantity], [Unit], [Procedure_Id]) VALUES (20, 199, N'vénakanül rögzítő csík', 1, 0, 12)
INSERT INTO [dbo].[ItemUsages] ([Id], [ItemId], [Name], [Quantity], [Unit], [Procedure_Id]) VALUES (21, 178, N'steril öntapadós vénakanül rögzítő', 1, 0, 12)
INSERT INTO [dbo].[ItemUsages] ([Id], [ItemId], [Name], [Quantity], [Unit], [Procedure_Id]) VALUES (22, 261, N'AUGMENTIN 500 mg/125 mg filmtabletta', 2, 0, 12)
SET IDENTITY_INSERT [dbo].[ItemUsages] OFF
===========================================================================================================================
SET IDENTITY_INSERT [dbo].[MedicalRecords] ON
INSERT INTO [dbo].[MedicalRecords] ([Id], [CreatedTimestamp], [LastModifiedTimestamp], [State], [ShortDescription], [Patient_Ssn]) VALUES (1, N'2016-05-04 22:17:54', N'2016-05-04 22:17:54', 0, N'elesett', NULL)
INSERT INTO [dbo].[MedicalRecords] ([Id], [CreatedTimestamp], [LastModifiedTimestamp], [State], [ShortDescription], [Patient_Ssn]) VALUES (2, N'2016-05-04 22:57:35', N'2016-05-04 22:57:35', 0, N'csaknem nyakát szegte', N'12345678')
INSERT INTO [dbo].[MedicalRecords] ([Id], [CreatedTimestamp], [LastModifiedTimestamp], [State], [ShortDescription], [Patient_Ssn]) VALUES (3, N'2016-05-04 23:00:53', N'2016-05-04 23:00:53', 2, N'proba', NULL)
INSERT INTO [dbo].[MedicalRecords] ([Id], [CreatedTimestamp], [LastModifiedTimestamp], [State], [ShortDescription], [Patient_Ssn]) VALUES (4, N'2016-05-04 23:06:57', N'2016-05-04 23:06:57', 2, N'proababdaséla', NULL)
INSERT INTO [dbo].[MedicalRecords] ([Id], [CreatedTimestamp], [LastModifiedTimestamp], [State], [ShortDescription], [Patient_Ssn]) VALUES (5, N'2016-05-04 23:08:37', N'2016-05-04 23:08:37', 2, N'lezáre', NULL)
INSERT INTO [dbo].[MedicalRecords] ([Id], [CreatedTimestamp], [LastModifiedTimestamp], [State], [ShortDescription], [Patient_Ssn]) VALUES (6, N'2016-05-04 23:08:51', N'2016-05-04 23:08:51', 2, N'lezártkezelés', N'12345678')
INSERT INTO [dbo].[MedicalRecords] ([Id], [CreatedTimestamp], [LastModifiedTimestamp], [State], [ShortDescription], [Patient_Ssn]) VALUES (7, N'2016-05-04 23:14:37', N'2016-05-04 23:14:37', 0, N'Proba2', NULL)
INSERT INTO [dbo].[MedicalRecords] ([Id], [CreatedTimestamp], [LastModifiedTimestamp], [State], [ShortDescription], [Patient_Ssn]) VALUES (8, N'2016-05-04 23:34:31', N'2016-05-04 23:34:31', 2, N'aaaaaa', NULL)
INSERT INTO [dbo].[MedicalRecords] ([Id], [CreatedTimestamp], [LastModifiedTimestamp], [State], [ShortDescription], [Patient_Ssn]) VALUES (9, N'2016-05-04 23:47:52', N'2016-05-04 23:47:52', 0, N'ujrakezelés', NULL)
INSERT INTO [dbo].[MedicalRecords] ([Id], [CreatedTimestamp], [LastModifiedTimestamp], [State], [ShortDescription], [Patient_Ssn]) VALUES (10, N'2016-05-05 00:26:27', N'2016-05-05 00:26:27', 0, N'sda', N'12345678')
INSERT INTO [dbo].[MedicalRecords] ([Id], [CreatedTimestamp], [LastModifiedTimestamp], [State], [ShortDescription], [Patient_Ssn]) VALUES (11, N'2016-05-05 08:26:39', N'2016-05-05 08:26:39', 0, N'Fájó, vérző lábbal érkezett', N'987654321')
INSERT INTO [dbo].[MedicalRecords] ([Id], [CreatedTimestamp], [LastModifiedTimestamp], [State], [ShortDescription], [Patient_Ssn]) VALUES (12, N'2016-05-05 10:24:44', N'2016-05-05 10:24:44', 0, N'új kezelés', NULL)
INSERT INTO [dbo].[MedicalRecords] ([Id], [CreatedTimestamp], [LastModifiedTimestamp], [State], [ShortDescription], [Patient_Ssn]) VALUES (13, N'2016-05-05 10:28:05', N'2016-05-05 10:28:05', 0, N'fáj a keze', NULL)
SET IDENTITY_INSERT [dbo].[MedicalRecords] OFF
===========================================================================================================================
INSERT INTO [dbo].[Patients] ([Ssn], [Gender], [Password], [UserGroup], [Name], [Phone], [Address], [DateOfBirth]) VALUES (N'12345678', 1, N'03ac674216f3e15c761ee1a5e255f067953623c8b388b4459e13f978d7c846f4', N'user', N'Beteg Béla', N'ez a száma', N'itt lakik', N'ekkor jött a világra')
INSERT INTO [dbo].[Patients] ([Ssn], [Gender], [Password], [UserGroup], [Name], [Phone], [Address], [DateOfBirth]) VALUES (N'987654321', 0, N'1f08589abef56a8ac60ab801161bad393cb5b4a7b9d0ac4473e9f1c35b0c5840', N'user', N'Sajgó Sára', N'+36303331122', N'1234 Bp., Teszt utca 1.', N'1973.06.15.')
===========================================================================================================================
SET IDENTITY_INSERT [dbo].[Procedures] ON
INSERT INTO [dbo].[Procedures] ([Id], [CreatedTimestamp], [LastModifiedTimestamp], [Anamnesis], [Diagnosis], [Duration], [State], [Price], [ProcedureType_Id], [Responsible_Username], [Ward_Id], [MedicalRecord_Id]) VALUES (1, N'2016-05-04 22:56:10', N'2016-05-04 22:57:06', N'asd', N'asd', 20, 1, 0, N'BR', NULL, NULL, 1)
INSERT INTO [dbo].[Procedures] ([Id], [CreatedTimestamp], [LastModifiedTimestamp], [Anamnesis], [Diagnosis], [Duration], [State], [Price], [ProcedureType_Id], [Responsible_Username], [Ward_Id], [MedicalRecord_Id]) VALUES (2, N'2016-05-04 22:57:37', N'2016-05-04 22:57:37', N'anamnézi', N'diagnózis', 0, 0, 0, NULL, NULL, NULL, 2)
INSERT INTO [dbo].[Procedures] ([Id], [CreatedTimestamp], [LastModifiedTimestamp], [Anamnesis], [Diagnosis], [Duration], [State], [Price], [ProcedureType_Id], [Responsible_Username], [Ward_Id], [MedicalRecord_Id]) VALUES (3, N'2016-05-04 22:58:28', N'2016-05-04 22:58:28', N'123', NULL, 123, 1, 0, NULL, NULL, NULL, 2)
INSERT INTO [dbo].[Procedures] ([Id], [CreatedTimestamp], [LastModifiedTimestamp], [Anamnesis], [Diagnosis], [Duration], [State], [Price], [ProcedureType_Id], [Responsible_Username], [Ward_Id], [MedicalRecord_Id]) VALUES (4, N'2016-05-04 23:14:39', N'2016-05-04 23:14:39', NULL, NULL, 0, 0, 0, NULL, NULL, NULL, 7)
INSERT INTO [dbo].[Procedures] ([Id], [CreatedTimestamp], [LastModifiedTimestamp], [Anamnesis], [Diagnosis], [Duration], [State], [Price], [ProcedureType_Id], [Responsible_Username], [Ward_Id], [MedicalRecord_Id]) VALUES (5, N'2016-05-04 23:21:41', N'2016-05-04 23:22:10', N'12312', N'1231231', 12, 2, 0, N'BR', N'admin', NULL, 2)
INSERT INTO [dbo].[Procedures] ([Id], [CreatedTimestamp], [LastModifiedTimestamp], [Anamnesis], [Diagnosis], [Duration], [State], [Price], [ProcedureType_Id], [Responsible_Username], [Ward_Id], [MedicalRecord_Id]) VALUES (6, N'2016-05-04 23:34:34', N'2016-05-04 23:34:47', NULL, NULL, 0, 2, 0, NULL, NULL, NULL, 8)
INSERT INTO [dbo].[Procedures] ([Id], [CreatedTimestamp], [LastModifiedTimestamp], [Anamnesis], [Diagnosis], [Duration], [State], [Price], [ProcedureType_Id], [Responsible_Username], [Ward_Id], [MedicalRecord_Id]) VALUES (7, N'2016-05-05 00:26:29', N'2016-05-05 01:16:12', N'12312', NULL, 0, 0, 15750, N'ANE1001', N'admin', 23, 10)
INSERT INTO [dbo].[Procedures] ([Id], [CreatedTimestamp], [LastModifiedTimestamp], [Anamnesis], [Diagnosis], [Duration], [State], [Price], [ProcedureType_Id], [Responsible_Username], [Ward_Id], [MedicalRecord_Id]) VALUES (8, N'2016-05-05 00:45:40', N'2016-05-05 01:17:41', N'Lorem ipsum', N'Dolor sit amen', 0, 0, 25000, N'ALR1005', N'admin', 23, 10)
INSERT INTO [dbo].[Procedures] ([Id], [CreatedTimestamp], [LastModifiedTimestamp], [Anamnesis], [Diagnosis], [Duration], [State], [Price], [ProcedureType_Id], [Responsible_Username], [Ward_Id], [MedicalRecord_Id]) VALUES (9, N'2016-05-05 02:34:04', N'2016-05-05 08:14:31', N'Béla lejárt a sarki gymbe, de kevés volt a napi 2 edzés, a fehérje, meg a koksz, így hát mellizomnagyobbítást kérvényezett.', N'A korai vizsgálatok és a beteg alapos kikérdezése után arra jutottam, hogy a beavatkozás időpontját el kell halasztani, amíg Béla fel nem épül teljesen a pénisznagyobbító műtétjéből.', 78, 0, 0, N'PLS4003', N'admin', 5, 10)
INSERT INTO [dbo].[Procedures] ([Id], [CreatedTimestamp], [LastModifiedTimestamp], [Anamnesis], [Diagnosis], [Duration], [State], [Price], [ProcedureType_Id], [Responsible_Username], [Ward_Id], [MedicalRecord_Id]) VALUES (10, N'2016-05-05 08:26:50', N'2016-05-05 08:47:47', N'Beteg fájó lábbal érkezett, felületi sérülések tapasztalhatók.', N'A felületi sebet elláttam, 3 nap múlva kötözésre várom a pácienst.

Szükséges a jobb lábfej és sípcsont röntgen felvétele a további diagnózis felállításához, csonttörés vagy repedés megállapításához.', 20, 3, 10000, N'ORT1004', N'admin', 16, 11)
INSERT INTO [dbo].[Procedures] ([Id], [CreatedTimestamp], [LastModifiedTimestamp], [Anamnesis], [Diagnosis], [Duration], [State], [Price], [ProcedureType_Id], [Responsible_Username], [Ward_Id], [MedicalRecord_Id]) VALUES (11, N'2016-05-05 08:35:50', N'2016-05-05 08:41:58', N'Lábfej és sípcsont sérülés, felületi seb el lett látva.
Röntgen szükséges a jobb lábszárról.', N'Job sípcsont közepén törés látható, a beteg lábát meg kell műteni, majd 3 hónap fekvő gipszbe tenni.', 10, 0, 8500, N'RAD1001', N'roli', 21, 11)
INSERT INTO [dbo].[Procedures] ([Id], [CreatedTimestamp], [LastModifiedTimestamp], [Anamnesis], [Diagnosis], [Duration], [State], [Price], [ProcedureType_Id], [Responsible_Username], [Ward_Id], [MedicalRecord_Id]) VALUES (12, N'2016-05-05 08:42:16', N'2016-05-05 08:47:34', N'Beteg jobb sípcsont törése került megállapításra szükséges az operációs helyreállítás.', N'A műtét sikeresen zárult, a törést sikerült visszaigazítani eredeti pozíciójába. A beteg jobb lábát legalább 3 jónapra fekvő gipszbe kell tenni, majd röntgenvizsgálattal igazolni a gyógyulás mértékét, és ennek megfelelően dönteni a további gyógykezelésről.

A fertőzések elkerülése érdekében antibiotikum kúra javasolt.
Augmentin 500mg napi 2x1 - 7 napig', 82, 1, 85000, N'ANE1001', N'admin', 23, 11)
INSERT INTO [dbo].[Procedures] ([Id], [CreatedTimestamp], [LastModifiedTimestamp], [Anamnesis], [Diagnosis], [Duration], [State], [Price], [ProcedureType_Id], [Responsible_Username], [Ward_Id], [MedicalRecord_Id]) VALUES (13, N'2016-05-05 10:30:40', N'2016-05-05 10:32:13', N'a', NULL, 0, 0, 0, N'doctor', N'nurse', NULL, 13)
SET IDENTITY_INSERT [dbo].[Procedures] OFF
===========================================================================================================================
INSERT INTO [dbo].[ProcedureTypes] ([Id], [Name], [AllowedDoctor], [AllowedNurse], [AllowedLaboratorian], [AllowedDataRecorder], [AllowedAdministrator]) VALUES (N'admin', N'Adminisztrátor által kiírható teszt eljárás', 0, 0, 0, 0, 1)
INSERT INTO [dbo].[ProcedureTypes] ([Id], [Name], [AllowedDoctor], [AllowedNurse], [AllowedLaboratorian], [AllowedDataRecorder], [AllowedAdministrator]) VALUES (N'ALR1001', N'allergiateszt bőrön alkalmazva', 1, 1, 1, 1, 1)
INSERT INTO [dbo].[ProcedureTypes] ([Id], [Name], [AllowedDoctor], [AllowedNurse], [AllowedLaboratorian], [AllowedDataRecorder], [AllowedAdministrator]) VALUES (N'ALR1002', N'pulmonológiai funkcionális tesztek', 1, 1, 1, 1, 1)
INSERT INTO [dbo].[ProcedureTypes] ([Id], [Name], [AllowedDoctor], [AllowedNurse], [AllowedLaboratorian], [AllowedDataRecorder], [AllowedAdministrator]) VALUES (N'ALR1003', N'hörgő terheléses teszt', 1, 1, 1, 1, 1)
INSERT INTO [dbo].[ProcedureTypes] ([Id], [Name], [AllowedDoctor], [AllowedNurse], [AllowedLaboratorian], [AllowedDataRecorder], [AllowedAdministrator]) VALUES (N'ALR1004', N'az orr és a felső légutak endoszkópos vizsgálata', 1, 1, 1, 1, 1)
INSERT INTO [dbo].[ProcedureTypes] ([Id], [Name], [AllowedDoctor], [AllowedNurse], [AllowedLaboratorian], [AllowedDataRecorder], [AllowedAdministrator]) VALUES (N'ALR1005', N'allergia vérteszt (RAST)', 1, 1, 1, 1, 1)
INSERT INTO [dbo].[ProcedureTypes] ([Id], [Name], [AllowedDoctor], [AllowedNurse], [AllowedLaboratorian], [AllowedDataRecorder], [AllowedAdministrator]) VALUES (N'ALR1006', N'mellkasröntgen', 1, 1, 1, 1, 1)
INSERT INTO [dbo].[ProcedureTypes] ([Id], [Name], [AllowedDoctor], [AllowedNurse], [AllowedLaboratorian], [AllowedDataRecorder], [AllowedAdministrator]) VALUES (N'ALR1007', N'tüdő és arcüreg CT vizsgálata', 1, 1, 1, 1, 1)
INSERT INTO [dbo].[ProcedureTypes] ([Id], [Name], [AllowedDoctor], [AllowedNurse], [AllowedLaboratorian], [AllowedDataRecorder], [AllowedAdministrator]) VALUES (N'ALT001', N'betegfelvétel', 1, 1, 1, 1, 1)
INSERT INTO [dbo].[ProcedureTypes] ([Id], [Name], [AllowedDoctor], [AllowedNurse], [AllowedLaboratorian], [AllowedDataRecorder], [AllowedAdministrator]) VALUES (N'ANE1001', N'műtéti altatás (narkózis)', 1, 1, 1, 1, 1)
INSERT INTO [dbo].[ProcedureTypes] ([Id], [Name], [AllowedDoctor], [AllowedNurse], [AllowedLaboratorian], [AllowedDataRecorder], [AllowedAdministrator]) VALUES (N'ANE1002', N'bódítást (szedálás)', 1, 1, 1, 1, 1)
INSERT INTO [dbo].[ProcedureTypes] ([Id], [Name], [AllowedDoctor], [AllowedNurse], [AllowedLaboratorian], [AllowedDataRecorder], [AllowedAdministrator]) VALUES (N'ANE1003', N'helyi érzéstelenítési technika alkalmazása', 1, 1, 1, 1, 1)
INSERT INTO [dbo].[ProcedureTypes] ([Id], [Name], [AllowedDoctor], [AllowedNurse], [AllowedLaboratorian], [AllowedDataRecorder], [AllowedAdministrator]) VALUES (N'ANE1004', N'vezetéses érzéstelenítési technika alkalmazása', 1, 1, 1, 1, 1)
INSERT INTO [dbo].[ProcedureTypes] ([Id], [Name], [AllowedDoctor], [AllowedNurse], [AllowedLaboratorian], [AllowedDataRecorder], [AllowedAdministrator]) VALUES (N'BEL1001', N'EKG vizsgálat', 1, 1, 1, 1, 1)
INSERT INTO [dbo].[ProcedureTypes] ([Id], [Name], [AllowedDoctor], [AllowedNurse], [AllowedLaboratorian], [AllowedDataRecorder], [AllowedAdministrator]) VALUES (N'BEL1002', N'labor vizsgálat', 1, 1, 1, 1, 1)
INSERT INTO [dbo].[ProcedureTypes] ([Id], [Name], [AllowedDoctor], [AllowedNurse], [AllowedLaboratorian], [AllowedDataRecorder], [AllowedAdministrator]) VALUES (N'BEL1003', N'általános belgyógyászati szűrő vizsgálat', 1, 1, 1, 1, 1)
INSERT INTO [dbo].[ProcedureTypes] ([Id], [Name], [AllowedDoctor], [AllowedNurse], [AllowedLaboratorian], [AllowedDataRecorder], [AllowedAdministrator]) VALUES (N'BGY1001', N'műtéti kimetszés', 1, 1, 1, 1, 1)
INSERT INTO [dbo].[ProcedureTypes] ([Id], [Name], [AllowedDoctor], [AllowedNurse], [AllowedLaboratorian], [AllowedDataRecorder], [AllowedAdministrator]) VALUES (N'BGY1002', N'lézeres eljárás', 1, 1, 1, 1, 1)
INSERT INTO [dbo].[ProcedureTypes] ([Id], [Name], [AllowedDoctor], [AllowedNurse], [AllowedLaboratorian], [AllowedDataRecorder], [AllowedAdministrator]) VALUES (N'BGY1003', N'rádiófrekvenciás eljárás', 1, 1, 1, 1, 1)
INSERT INTO [dbo].[ProcedureTypes] ([Id], [Name], [AllowedDoctor], [AllowedNurse], [AllowedLaboratorian], [AllowedDataRecorder], [AllowedAdministrator]) VALUES (N'BGY1004', N'fagyasztásos eljárás', 1, 1, 1, 1, 1)
INSERT INTO [dbo].[ProcedureTypes] ([Id], [Name], [AllowedDoctor], [AllowedNurse], [AllowedLaboratorian], [AllowedDataRecorder], [AllowedAdministrator]) VALUES (N'BGY1005', N'kiégetéses eljárás', 1, 1, 1, 1, 1)
INSERT INTO [dbo].[ProcedureTypes] ([Id], [Name], [AllowedDoctor], [AllowedNurse], [AllowedLaboratorian], [AllowedDataRecorder], [AllowedAdministrator]) VALUES (N'BGY1006', N'hegkezelés', 1, 1, 1, 1, 1)
INSERT INTO [dbo].[ProcedureTypes] ([Id], [Name], [AllowedDoctor], [AllowedNurse], [AllowedLaboratorian], [AllowedDataRecorder], [AllowedAdministrator]) VALUES (N'BGY1007', N'egészségmegörző szűrés', 1, 1, 1, 1, 1)
INSERT INTO [dbo].[ProcedureTypes] ([Id], [Name], [AllowedDoctor], [AllowedNurse], [AllowedLaboratorian], [AllowedDataRecorder], [AllowedAdministrator]) VALUES (N'BGY1008', N'szövettani vizsgálat', 1, 1, 1, 1, 1)
INSERT INTO [dbo].[ProcedureTypes] ([Id], [Name], [AllowedDoctor], [AllowedNurse], [AllowedLaboratorian], [AllowedDataRecorder], [AllowedAdministrator]) VALUES (N'BR', N'berea', 1, 1, 0, 0, 0)
INSERT INTO [dbo].[ProcedureTypes] ([Id], [Name], [AllowedDoctor], [AllowedNurse], [AllowedLaboratorian], [AllowedDataRecorder], [AllowedAdministrator]) VALUES (N'data', N'Adatrögzítő által kiírható teszt eljárás', 0, 0, 0, 1, 0)
INSERT INTO [dbo].[ProcedureTypes] ([Id], [Name], [AllowedDoctor], [AllowedNurse], [AllowedLaboratorian], [AllowedDataRecorder], [AllowedAdministrator]) VALUES (N'DIA1001', N'HBA1C', 1, 1, 1, 1, 1)
INSERT INTO [dbo].[ProcedureTypes] ([Id], [Name], [AllowedDoctor], [AllowedNurse], [AllowedLaboratorian], [AllowedDataRecorder], [AllowedAdministrator]) VALUES (N'DIA1002', N'microalbumin-szűrés', 1, 1, 1, 1, 1)
INSERT INTO [dbo].[ProcedureTypes] ([Id], [Name], [AllowedDoctor], [AllowedNurse], [AllowedLaboratorian], [AllowedDataRecorder], [AllowedAdministrator]) VALUES (N'DIA1003', N'terheléses vércukor vizsgálat', 1, 1, 1, 1, 1)
INSERT INTO [dbo].[ProcedureTypes] ([Id], [Name], [AllowedDoctor], [AllowedNurse], [AllowedLaboratorian], [AllowedDataRecorder], [AllowedAdministrator]) VALUES (N'DIA1004', N'labor vizsgálat', 1, 1, 1, 1, 1)
INSERT INTO [dbo].[ProcedureTypes] ([Id], [Name], [AllowedDoctor], [AllowedNurse], [AllowedLaboratorian], [AllowedDataRecorder], [AllowedAdministrator]) VALUES (N'DIE1001', N'dietetikai tanácsadás', 1, 1, 1, 1, 1)
INSERT INTO [dbo].[ProcedureTypes] ([Id], [Name], [AllowedDoctor], [AllowedNurse], [AllowedLaboratorian], [AllowedDataRecorder], [AllowedAdministrator]) VALUES (N'doctor', N'Orvos által kiírható teszt eljárás', 1, 0, 0, 0, 0)
INSERT INTO [dbo].[ProcedureTypes] ([Id], [Name], [AllowedDoctor], [AllowedNurse], [AllowedLaboratorian], [AllowedDataRecorder], [AllowedAdministrator]) VALUES (N'END1001', N'golyva', 1, 1, 1, 1, 1)
INSERT INTO [dbo].[ProcedureTypes] ([Id], [Name], [AllowedDoctor], [AllowedNurse], [AllowedLaboratorian], [AllowedDataRecorder], [AllowedAdministrator]) VALUES (N'END1002', N'túlműködés', 1, 1, 1, 1, 1)
INSERT INTO [dbo].[ProcedureTypes] ([Id], [Name], [AllowedDoctor], [AllowedNurse], [AllowedLaboratorian], [AllowedDataRecorder], [AllowedAdministrator]) VALUES (N'END1003', N'ciszta', 1, 1, 1, 1, 1)
INSERT INTO [dbo].[ProcedureTypes] ([Id], [Name], [AllowedDoctor], [AllowedNurse], [AllowedLaboratorian], [AllowedDataRecorder], [AllowedAdministrator]) VALUES (N'END1004', N'daganat', 1, 1, 1, 1, 1)
INSERT INTO [dbo].[ProcedureTypes] ([Id], [Name], [AllowedDoctor], [AllowedNurse], [AllowedLaboratorian], [AllowedDataRecorder], [AllowedAdministrator]) VALUES (N'END2001', N'jóindulatú daganatok', 1, 1, 1, 1, 1)
INSERT INTO [dbo].[ProcedureTypes] ([Id], [Name], [AllowedDoctor], [AllowedNurse], [AllowedLaboratorian], [AllowedDataRecorder], [AllowedAdministrator]) VALUES (N'END2002', N'túlműködés', 1, 1, 1, 1, 1)
INSERT INTO [dbo].[ProcedureTypes] ([Id], [Name], [AllowedDoctor], [AllowedNurse], [AllowedLaboratorian], [AllowedDataRecorder], [AllowedAdministrator]) VALUES (N'END3001', N'jóindulatú daganatok', 1, 1, 1, 1, 1)
INSERT INTO [dbo].[ProcedureTypes] ([Id], [Name], [AllowedDoctor], [AllowedNurse], [AllowedLaboratorian], [AllowedDataRecorder], [AllowedAdministrator]) VALUES (N'END3002', N'rosszindulatú daganatok', 1, 1, 1, 1, 1)
INSERT INTO [dbo].[ProcedureTypes] ([Id], [Name], [AllowedDoctor], [AllowedNurse], [AllowedLaboratorian], [AllowedDataRecorder], [AllowedAdministrator]) VALUES (N'END3003', N' ciszták a mellékvesében', 1, 1, 1, 1, 1)
INSERT INTO [dbo].[ProcedureTypes] ([Id], [Name], [AllowedDoctor], [AllowedNurse], [AllowedLaboratorian], [AllowedDataRecorder], [AllowedAdministrator]) VALUES (N'ERS1001', N'A bokától a combtőig futó nagy felületes véna saphena magna eltávolítása (sztripping) ', 1, 1, 1, 1, 1)
INSERT INTO [dbo].[ProcedureTypes] ([Id], [Name], [AllowedDoctor], [AllowedNurse], [AllowedLaboratorian], [AllowedDataRecorder], [AllowedAdministrator]) VALUES (N'ERS1002', N'A bokától a lábszár hátoldalán a térdhajlatig futó véna saphena parva eltávolítása (sztripping) ', 1, 1, 1, 1, 1)
INSERT INTO [dbo].[ProcedureTypes] ([Id], [Name], [AllowedDoctor], [AllowedNurse], [AllowedLaboratorian], [AllowedDataRecorder], [AllowedAdministrator]) VALUES (N'ERS1003', N'A combhajlatban összeömlő felületes vénák lekötése (krosszektómia) ', 1, 1, 1, 1, 1)
INSERT INTO [dbo].[ProcedureTypes] ([Id], [Name], [AllowedDoctor], [AllowedNurse], [AllowedLaboratorian], [AllowedDataRecorder], [AllowedAdministrator]) VALUES (N'ERS1004', N'Oldalágak eltávolítása (oldalág varicektómia) ', 1, 1, 1, 1, 1)
INSERT INTO [dbo].[ProcedureTypes] ([Id], [Name], [AllowedDoctor], [AllowedNurse], [AllowedLaboratorian], [AllowedDataRecorder], [AllowedAdministrator]) VALUES (N'ERS1005', N'Injekciós érelzárás (szklerotizálás) hajszálértágulat, seprűvénák esetén ', 1, 1, 1, 1, 1)
INSERT INTO [dbo].[ProcedureTypes] ([Id], [Name], [AllowedDoctor], [AllowedNurse], [AllowedLaboratorian], [AllowedDataRecorder], [AllowedAdministrator]) VALUES (N'ERS1006', N'Vérrög eltávolítás (trombózus expresszió): felületes véna trombózisa esetén ', 1, 1, 1, 1, 1)
INSERT INTO [dbo].[ProcedureTypes] ([Id], [Name], [AllowedDoctor], [AllowedNurse], [AllowedLaboratorian], [AllowedDataRecorder], [AllowedAdministrator]) VALUES (N'ERS1007', N'Felületes véna trombózisánál a véna lekötése, ha a mélyvénás rendszerre való ráterjedés fenyeget.', 1, 1, 1, 1, 1)
INSERT INTO [dbo].[ProcedureTypes] ([Id], [Name], [AllowedDoctor], [AllowedNurse], [AllowedLaboratorian], [AllowedDataRecorder], [AllowedAdministrator]) VALUES (N'ERS1008', N'Flebektómia (apró bőrmetszéseken keresztül egy speciális műszerrel a visszér teljes eltávolítása)', 1, 1, 1, 1, 1)
INSERT INTO [dbo].[ProcedureTypes] ([Id], [Name], [AllowedDoctor], [AllowedNurse], [AllowedLaboratorian], [AllowedDataRecorder], [AllowedAdministrator]) VALUES (N'ERS1009', N'Visszérműtét lézertechnikával', 1, 1, 1, 1, 1)
INSERT INTO [dbo].[ProcedureTypes] ([Id], [Name], [AllowedDoctor], [AllowedNurse], [AllowedLaboratorian], [AllowedDataRecorder], [AllowedAdministrator]) VALUES (N'FOG1001', N'Arcüreg mosás', 1, 1, 1, 1, 1)
INSERT INTO [dbo].[ProcedureTypes] ([Id], [Name], [AllowedDoctor], [AllowedNurse], [AllowedLaboratorian], [AllowedDataRecorder], [AllowedAdministrator]) VALUES (N'FOG1002', N'Diagnosztikus gégemikroszkópia (laryngomikroszkópia)', 1, 1, 1, 1, 1)
INSERT INTO [dbo].[ProcedureTypes] ([Id], [Name], [AllowedDoctor], [AllowedNurse], [AllowedLaboratorian], [AllowedDataRecorder], [AllowedAdministrator]) VALUES (N'FOG1003', N'Dobhártya bemetszés (myringotomia)', 1, 1, 1, 1, 1)
INSERT INTO [dbo].[ProcedureTypes] ([Id], [Name], [AllowedDoctor], [AllowedNurse], [AllowedLaboratorian], [AllowedDataRecorder], [AllowedAdministrator]) VALUES (N'FOG1004', N'Dobhártya plasztika (myringoplasty)', 1, 1, 1, 1, 1)
INSERT INTO [dbo].[ProcedureTypes] ([Id], [Name], [AllowedDoctor], [AllowedNurse], [AllowedLaboratorian], [AllowedDataRecorder], [AllowedAdministrator]) VALUES (N'FOG1005', N'Endoszkópos orrmelléküreg műtét (FESS műtét)', 1, 1, 1, 1, 1)
INSERT INTO [dbo].[ProcedureTypes] ([Id], [Name], [AllowedDoctor], [AllowedNurse], [AllowedLaboratorian], [AllowedDataRecorder], [AllowedAdministrator]) VALUES (N'FOG1006', N'Fültőmirigy eltávolítása', 1, 1, 1, 1, 1)
INSERT INTO [dbo].[ProcedureTypes] ([Id], [Name], [AllowedDoctor], [AllowedNurse], [AllowedLaboratorian], [AllowedDataRecorder], [AllowedAdministrator]) VALUES (N'FOG1007', N'Garatmandula eltávolítása (tonsillectomia)', 1, 1, 1, 1, 1)
INSERT INTO [dbo].[ProcedureTypes] ([Id], [Name], [AllowedDoctor], [AllowedNurse], [AllowedLaboratorian], [AllowedDataRecorder], [AllowedAdministrator]) VALUES (N'FOG1008', N'Hajlékony eszközzel gégetükrözés', 1, 1, 1, 1, 1)
INSERT INTO [dbo].[ProcedureTypes] ([Id], [Name], [AllowedDoctor], [AllowedNurse], [AllowedLaboratorian], [AllowedDataRecorder], [AllowedAdministrator]) VALUES (N'FOG1009', N'Hallócsont plasztika', 1, 1, 1, 1, 1)
INSERT INTO [dbo].[ProcedureTypes] ([Id], [Name], [AllowedDoctor], [AllowedNurse], [AllowedLaboratorian], [AllowedDataRecorder], [AllowedAdministrator]) VALUES (N'FOG1010', N'Hangszalagon végzett műtétek', 1, 1, 1, 1, 1)
INSERT INTO [dbo].[ProcedureTypes] ([Id], [Name], [AllowedDoctor], [AllowedNurse], [AllowedLaboratorian], [AllowedDataRecorder], [AllowedAdministrator]) VALUES (N'FOG1011', N'Horkolás gátló műtét (rádiófrekvenciás)', 1, 1, 1, 1, 1)
INSERT INTO [dbo].[ProcedureTypes] ([Id], [Name], [AllowedDoctor], [AllowedNurse], [AllowedLaboratorian], [AllowedDataRecorder], [AllowedAdministrator]) VALUES (N'FOG1012', N'Jóindulatú gégedaganatok eltávolítása', 1, 1, 1, 1, 1)
INSERT INTO [dbo].[ProcedureTypes] ([Id], [Name], [AllowedDoctor], [AllowedNurse], [AllowedLaboratorian], [AllowedDataRecorder], [AllowedAdministrator]) VALUES (N'FOG1013', N'Jóindulatú nyaki daganatok műtétei', 1, 1, 1, 1, 1)
INSERT INTO [dbo].[ProcedureTypes] ([Id], [Name], [AllowedDoctor], [AllowedNurse], [AllowedLaboratorian], [AllowedDataRecorder], [AllowedAdministrator]) VALUES (N'FOG1014', N'Külsőfül helyzetének korrigálása', 1, 1, 1, 1, 1)
INSERT INTO [dbo].[ProcedureTypes] ([Id], [Name], [AllowedDoctor], [AllowedNurse], [AllowedLaboratorian], [AllowedDataRecorder], [AllowedAdministrator]) VALUES (N'FOG1015', N'Lágyszájpad plasztika', 1, 1, 1, 1, 1)
INSERT INTO [dbo].[ProcedureTypes] ([Id], [Name], [AllowedDoctor], [AllowedNurse], [AllowedLaboratorian], [AllowedDataRecorder], [AllowedAdministrator]) VALUES (N'FOG1016', N'Mikroszkópos gége sebészet', 1, 1, 1, 1, 1)
INSERT INTO [dbo].[ProcedureTypes] ([Id], [Name], [AllowedDoctor], [AllowedNurse], [AllowedLaboratorian], [AllowedDataRecorder], [AllowedAdministrator]) VALUES (N'FOG1017', N'Myringotomia szellőztető tubus beültetéssel', 1, 1, 1, 1, 1)
INSERT INTO [dbo].[ProcedureTypes] ([Id], [Name], [AllowedDoctor], [AllowedNurse], [AllowedLaboratorian], [AllowedDataRecorder], [AllowedAdministrator]) VALUES (N'FOG1018', N'Nyelvcsap megkisebbítése (resectio uvulae)', 1, 1, 1, 1, 1)
INSERT INTO [dbo].[ProcedureTypes] ([Id], [Name], [AllowedDoctor], [AllowedNurse], [AllowedLaboratorian], [AllowedDataRecorder], [AllowedAdministrator]) VALUES (N'FOG1019', N'Orrcsonttörés utáni helyreállítás (repositio)', 1, 1, 1, 1, 1)
INSERT INTO [dbo].[ProcedureTypes] ([Id], [Name], [AllowedDoctor], [AllowedNurse], [AllowedLaboratorian], [AllowedDataRecorder], [AllowedAdministrator]) VALUES (N'FOG1020', N'Orrmandula eltávolítás (adenotomia)', 1, 1, 1, 1, 1)
INSERT INTO [dbo].[ProcedureTypes] ([Id], [Name], [AllowedDoctor], [AllowedNurse], [AllowedLaboratorian], [AllowedDataRecorder], [AllowedAdministrator]) VALUES (N'FOG1021', N'Orrplasztika', 1, 1, 1, 1, 1)
INSERT INTO [dbo].[ProcedureTypes] ([Id], [Name], [AllowedDoctor], [AllowedNurse], [AllowedLaboratorian], [AllowedDataRecorder], [AllowedAdministrator]) VALUES (N'FOG1022', N'Orrpolip eltávolítása', 1, 1, 1, 1, 1)
INSERT INTO [dbo].[ProcedureTypes] ([Id], [Name], [AllowedDoctor], [AllowedNurse], [AllowedLaboratorian], [AllowedDataRecorder], [AllowedAdministrator]) VALUES (N'FOG1023', N'Orrsövény műtét + polip eltávolítás', 1, 1, 1, 1, 1)
INSERT INTO [dbo].[ProcedureTypes] ([Id], [Name], [AllowedDoctor], [AllowedNurse], [AllowedLaboratorian], [AllowedDataRecorder], [AllowedAdministrator]) VALUES (N'FOG1024', N'Orrüreg tükrözése', 1, 1, 1, 1, 1)
INSERT INTO [dbo].[ProcedureTypes] ([Id], [Name], [AllowedDoctor], [AllowedNurse], [AllowedLaboratorian], [AllowedDataRecorder], [AllowedAdministrator]) VALUES (N'FOG1025', N'Orrvérzés kauteres kezelése (égetés)', 1, 1, 1, 1, 1)
INSERT INTO [dbo].[ProcedureTypes] ([Id], [Name], [AllowedDoctor], [AllowedNurse], [AllowedLaboratorian], [AllowedDataRecorder], [AllowedAdministrator]) VALUES (N'FOG1026', N'Rostacsontok megnyitása', 1, 1, 1, 1, 1)
INSERT INTO [dbo].[ProcedureTypes] ([Id], [Name], [AllowedDoctor], [AllowedNurse], [AllowedLaboratorian], [AllowedDataRecorder], [AllowedAdministrator]) VALUES (N'FOG1027', N'Tályog megnyitása (incisio)', 1, 1, 1, 1, 1)
INSERT INTO [dbo].[ProcedureTypes] ([Id], [Name], [AllowedDoctor], [AllowedNurse], [AllowedLaboratorian], [AllowedDataRecorder], [AllowedAdministrator]) VALUES (N'GSZ1001', N'vérvizsgálat', 1, 1, 1, 1, 1)
INSERT INTO [dbo].[ProcedureTypes] ([Id], [Name], [AllowedDoctor], [AllowedNurse], [AllowedLaboratorian], [AllowedDataRecorder], [AllowedAdministrator]) VALUES (N'GSZ1002', N'vizeletvizsgálat', 1, 1, 1, 1, 1)
INSERT INTO [dbo].[ProcedureTypes] ([Id], [Name], [AllowedDoctor], [AllowedNurse], [AllowedLaboratorian], [AllowedDataRecorder], [AllowedAdministrator]) VALUES (N'GSZ1003', N'székletvizsgálat', 1, 1, 1, 1, 1)
INSERT INTO [dbo].[ProcedureTypes] ([Id], [Name], [AllowedDoctor], [AllowedNurse], [AllowedLaboratorian], [AllowedDataRecorder], [AllowedAdministrator]) VALUES (N'GSZ2001', N'ultrahang ', 1, 1, 1, 1, 1)
INSERT INTO [dbo].[ProcedureTypes] ([Id], [Name], [AllowedDoctor], [AllowedNurse], [AllowedLaboratorian], [AllowedDataRecorder], [AllowedAdministrator]) VALUES (N'GSZ2002', N'röntgen', 1, 1, 1, 1, 1)
INSERT INTO [dbo].[ProcedureTypes] ([Id], [Name], [AllowedDoctor], [AllowedNurse], [AllowedLaboratorian], [AllowedDataRecorder], [AllowedAdministrator]) VALUES (N'GSZ2003', N'CT', 1, 1, 1, 1, 1)
INSERT INTO [dbo].[ProcedureTypes] ([Id], [Name], [AllowedDoctor], [AllowedNurse], [AllowedLaboratorian], [AllowedDataRecorder], [AllowedAdministrator]) VALUES (N'GSZ3001', N'gyomortükrözés', 1, 1, 1, 1, 1)
INSERT INTO [dbo].[ProcedureTypes] ([Id], [Name], [AllowedDoctor], [AllowedNurse], [AllowedLaboratorian], [AllowedDataRecorder], [AllowedAdministrator]) VALUES (N'GSZ3002', N'vastagbéltükrözés', 1, 1, 1, 1, 1)
INSERT INTO [dbo].[ProcedureTypes] ([Id], [Name], [AllowedDoctor], [AllowedNurse], [AllowedLaboratorian], [AllowedDataRecorder], [AllowedAdministrator]) VALUES (N'GSZ4001', N'Helicobacter kilégzési teszt', 1, 1, 1, 1, 1)
INSERT INTO [dbo].[ProcedureTypes] ([Id], [Name], [AllowedDoctor], [AllowedNurse], [AllowedLaboratorian], [AllowedDataRecorder], [AllowedAdministrator]) VALUES (N'IMM1001', N'gyulladáscsökkentő terápia', 1, 1, 1, 1, 1)
INSERT INTO [dbo].[ProcedureTypes] ([Id], [Name], [AllowedDoctor], [AllowedNurse], [AllowedLaboratorian], [AllowedDataRecorder], [AllowedAdministrator]) VALUES (N'IMM1002', N'allergia vizsgálat', 1, 1, 1, 1, 1)
INSERT INTO [dbo].[ProcedureTypes] ([Id], [Name], [AllowedDoctor], [AllowedNurse], [AllowedLaboratorian], [AllowedDataRecorder], [AllowedAdministrator]) VALUES (N'KRD1001', N'EKG', 1, 1, 1, 1, 1)
INSERT INTO [dbo].[ProcedureTypes] ([Id], [Name], [AllowedDoctor], [AllowedNurse], [AllowedLaboratorian], [AllowedDataRecorder], [AllowedAdministrator]) VALUES (N'KRD1002', N'Holter-vizsgálat (24 órás EKG)', 1, 1, 1, 1, 1)
INSERT INTO [dbo].[ProcedureTypes] ([Id], [Name], [AllowedDoctor], [AllowedNurse], [AllowedLaboratorian], [AllowedDataRecorder], [AllowedAdministrator]) VALUES (N'KRD1003', N'ABPM (24 órás vérnyomásmérés)', 1, 1, 1, 1, 1)
INSERT INTO [dbo].[ProcedureTypes] ([Id], [Name], [AllowedDoctor], [AllowedNurse], [AllowedLaboratorian], [AllowedDataRecorder], [AllowedAdministrator]) VALUES (N'KRD1004', N'Terheléses EKG (ergometria)', 1, 1, 1, 1, 1)
INSERT INTO [dbo].[ProcedureTypes] ([Id], [Name], [AllowedDoctor], [AllowedNurse], [AllowedLaboratorian], [AllowedDataRecorder], [AllowedAdministrator]) VALUES (N'KRD1005', N'Szívultrahang (Echo)', 1, 1, 1, 1, 1)
INSERT INTO [dbo].[ProcedureTypes] ([Id], [Name], [AllowedDoctor], [AllowedNurse], [AllowedLaboratorian], [AllowedDataRecorder], [AllowedAdministrator]) VALUES (N'KRD1006', N'Doppler vizsgálat (erek ultrahang vizsgálata)', 1, 1, 1, 1, 1)
INSERT INTO [dbo].[ProcedureTypes] ([Id], [Name], [AllowedDoctor], [AllowedNurse], [AllowedLaboratorian], [AllowedDataRecorder], [AllowedAdministrator]) VALUES (N'KRD1007', N'Arteriográf vizsgálat', 1, 1, 1, 1, 1)
INSERT INTO [dbo].[ProcedureTypes] ([Id], [Name], [AllowedDoctor], [AllowedNurse], [AllowedLaboratorian], [AllowedDataRecorder], [AllowedAdministrator]) VALUES (N'KRD1008', N'Laboratóriumi vizsgálat (rizikófaktorok: cukor, koleszterin, triglicerid, stb.)', 1, 1, 1, 1, 1)
INSERT INTO [dbo].[ProcedureTypes] ([Id], [Name], [AllowedDoctor], [AllowedNurse], [AllowedLaboratorian], [AllowedDataRecorder], [AllowedAdministrator]) VALUES (N'KRD1009', N'Speciális laborvizsgálat (troponin, pro BNP, D dimer, stb.)', 1, 1, 1, 1, 1)
INSERT INTO [dbo].[ProcedureTypes] ([Id], [Name], [AllowedDoctor], [AllowedNurse], [AllowedLaboratorian], [AllowedDataRecorder], [AllowedAdministrator]) VALUES (N'labor', N'Labortechnikus által kiírható teszt eljárás', 0, 0, 1, 0, 0)
INSERT INTO [dbo].[ProcedureTypes] ([Id], [Name], [AllowedDoctor], [AllowedNurse], [AllowedLaboratorian], [AllowedDataRecorder], [AllowedAdministrator]) VALUES (N'NER1001', N'rövid általános vizsgálat (vérnyomásmérés, szív, erek, tüdő meghallgatása, has megtapintása)', 1, 1, 1, 1, 1)
INSERT INTO [dbo].[ProcedureTypes] ([Id], [Name], [AllowedDoctor], [AllowedNurse], [AllowedLaboratorian], [AllowedDataRecorder], [AllowedAdministrator]) VALUES (N'NER1002', N'fizikoterápia', 1, 1, 1, 1, 1)
INSERT INTO [dbo].[ProcedureTypes] ([Id], [Name], [AllowedDoctor], [AllowedNurse], [AllowedLaboratorian], [AllowedDataRecorder], [AllowedAdministrator]) VALUES (N'NER1003', N'gyógytorna', 1, 1, 1, 1, 1)
INSERT INTO [dbo].[ProcedureTypes] ([Id], [Name], [AllowedDoctor], [AllowedNurse], [AllowedLaboratorian], [AllowedDataRecorder], [AllowedAdministrator]) VALUES (N'NER1004', N'ideg-izom ingerlés', 1, 1, 1, 1, 1)
INSERT INTO [dbo].[ProcedureTypes] ([Id], [Name], [AllowedDoctor], [AllowedNurse], [AllowedLaboratorian], [AllowedDataRecorder], [AllowedAdministrator]) VALUES (N'NER1005', N'elektromos kezelések', 1, 1, 1, 1, 1)
INSERT INTO [dbo].[ProcedureTypes] ([Id], [Name], [AllowedDoctor], [AllowedNurse], [AllowedLaboratorian], [AllowedDataRecorder], [AllowedAdministrator]) VALUES (N'NER2001', N'gyógyszeres kezelés (injekciós)', 1, 1, 1, 1, 1)
INSERT INTO [dbo].[ProcedureTypes] ([Id], [Name], [AllowedDoctor], [AllowedNurse], [AllowedLaboratorian], [AllowedDataRecorder], [AllowedAdministrator]) VALUES (N'NER2002', N'gyógyszeres kezelés (injekciós)', 1, 1, 1, 1, 1)
INSERT INTO [dbo].[ProcedureTypes] ([Id], [Name], [AllowedDoctor], [AllowedNurse], [AllowedLaboratorian], [AllowedDataRecorder], [AllowedAdministrator]) VALUES (N'NGY1001', N'Nőgyógyászai fizikális alapvizsgálat', 1, 1, 1, 1, 1)
INSERT INTO [dbo].[ProcedureTypes] ([Id], [Name], [AllowedDoctor], [AllowedNurse], [AllowedLaboratorian], [AllowedDataRecorder], [AllowedAdministrator]) VALUES (N'NGY1002', N'Laborvizsgálat vérből, vizeletből, hüvelyváladékból', 1, 1, 1, 1, 1)
INSERT INTO [dbo].[ProcedureTypes] ([Id], [Name], [AllowedDoctor], [AllowedNurse], [AllowedLaboratorian], [AllowedDataRecorder], [AllowedAdministrator]) VALUES (N'NGY1003', N'Szexuális úton terjedő betegségek szűrése (chlamydia, HPV, szifilisz, stb.)', 1, 1, 1, 1, 1)
INSERT INTO [dbo].[ProcedureTypes] ([Id], [Name], [AllowedDoctor], [AllowedNurse], [AllowedLaboratorian], [AllowedDataRecorder], [AllowedAdministrator]) VALUES (N'NGY1004', N'Méhnyakrák szűrés: citológia, szövettan', 1, 1, 1, 1, 1)
INSERT INTO [dbo].[ProcedureTypes] ([Id], [Name], [AllowedDoctor], [AllowedNurse], [AllowedLaboratorian], [AllowedDataRecorder], [AllowedAdministrator]) VALUES (N'NGY1005', N'Ultrahangos vizsgálatok', 1, 1, 1, 1, 1)
INSERT INTO [dbo].[ProcedureTypes] ([Id], [Name], [AllowedDoctor], [AllowedNurse], [AllowedLaboratorian], [AllowedDataRecorder], [AllowedAdministrator]) VALUES (N'NGY1006', N'Hormonvizsgálatok', 1, 1, 1, 1, 1)
INSERT INTO [dbo].[ProcedureTypes] ([Id], [Name], [AllowedDoctor], [AllowedNurse], [AllowedLaboratorian], [AllowedDataRecorder], [AllowedAdministrator]) VALUES (N'NGY1007', N'Hiszteroszkópia (méhüregi tükrözés)', 1, 1, 1, 1, 1)
INSERT INTO [dbo].[ProcedureTypes] ([Id], [Name], [AllowedDoctor], [AllowedNurse], [AllowedLaboratorian], [AllowedDataRecorder], [AllowedAdministrator]) VALUES (N'NGY1008', N'Laparoszkópia (hasüregi tükrözés)', 1, 1, 1, 1, 1)
INSERT INTO [dbo].[ProcedureTypes] ([Id], [Name], [AllowedDoctor], [AllowedNurse], [AllowedLaboratorian], [AllowedDataRecorder], [AllowedAdministrator]) VALUES (N'NGY2001', N' Szeméremtesti szemölcs és anyajegyek eltávolítás', 1, 1, 1, 1, 1)
INSERT INTO [dbo].[ProcedureTypes] ([Id], [Name], [AllowedDoctor], [AllowedNurse], [AllowedLaboratorian], [AllowedDataRecorder], [AllowedAdministrator]) VALUES (N'NGY2002', N' Vírusszemölcs (condyloma) eltávolítása külső nemi szervekről', 1, 1, 1, 1, 1)
INSERT INTO [dbo].[ProcedureTypes] ([Id], [Name], [AllowedDoctor], [AllowedNurse], [AllowedLaboratorian], [AllowedDataRecorder], [AllowedAdministrator]) VALUES (N'NGY2003', N' Méhnyakból szövetminta vétele (conisatio)', 1, 1, 1, 1, 1)
INSERT INTO [dbo].[ProcedureTypes] ([Id], [Name], [AllowedDoctor], [AllowedNurse], [AllowedLaboratorian], [AllowedDataRecorder], [AllowedAdministrator]) VALUES (N'NGY2004', N' Endoszkóppal a petevezeték átjárhatóságának vizsgálata', 1, 1, 1, 1, 1)
INSERT INTO [dbo].[ProcedureTypes] ([Id], [Name], [AllowedDoctor], [AllowedNurse], [AllowedLaboratorian], [AllowedDataRecorder], [AllowedAdministrator]) VALUES (N'NGY2005', N' Tuba katéterezés, átfúvás', 1, 1, 1, 1, 1)
INSERT INTO [dbo].[ProcedureTypes] ([Id], [Name], [AllowedDoctor], [AllowedNurse], [AllowedLaboratorian], [AllowedDataRecorder], [AllowedAdministrator]) VALUES (N'NGY3001', N'Bartholin ciszta vagy tályog megnyitása, megoldása (marsupializáció)', 1, 1, 1, 1, 1)
INSERT INTO [dbo].[ProcedureTypes] ([Id], [Name], [AllowedDoctor], [AllowedNurse], [AllowedLaboratorian], [AllowedDataRecorder], [AllowedAdministrator]) VALUES (N'NGY3002', N' Polip eltávolítás hüvelyből, méhnyakból, méhből (polypectomia)', 1, 1, 1, 1, 1)
INSERT INTO [dbo].[ProcedureTypes] ([Id], [Name], [AllowedDoctor], [AllowedNurse], [AllowedLaboratorian], [AllowedDataRecorder], [AllowedAdministrator]) VALUES (N'NGY3003', N' Ciszta eltávolítás hüvelyből, méhnyakból, méhből', 1, 1, 1, 1, 1)
INSERT INTO [dbo].[ProcedureTypes] ([Id], [Name], [AllowedDoctor], [AllowedNurse], [AllowedLaboratorian], [AllowedDataRecorder], [AllowedAdministrator]) VALUES (N'NGY3004', N' Hüvely és gáttájék plasztika', 1, 1, 1, 1, 1)
INSERT INTO [dbo].[ProcedureTypes] ([Id], [Name], [AllowedDoctor], [AllowedNurse], [AllowedLaboratorian], [AllowedDataRecorder], [AllowedAdministrator]) VALUES (N'NGY3005', N' Szeméremtest műtétek', 1, 1, 1, 1, 1)
INSERT INTO [dbo].[ProcedureTypes] ([Id], [Name], [AllowedDoctor], [AllowedNurse], [AllowedLaboratorian], [AllowedDataRecorder], [AllowedAdministrator]) VALUES (N'NGY3006', N' Szűzhártya plasztika', 1, 1, 1, 1, 1)
INSERT INTO [dbo].[ProcedureTypes] ([Id], [Name], [AllowedDoctor], [AllowedNurse], [AllowedLaboratorian], [AllowedDataRecorder], [AllowedAdministrator]) VALUES (N'NGY3007', N' Intimplasztika', 1, 1, 1, 1, 1)
INSERT INTO [dbo].[ProcedureTypes] ([Id], [Name], [AllowedDoctor], [AllowedNurse], [AllowedLaboratorian], [AllowedDataRecorder], [AllowedAdministrator]) VALUES (N'NGY3008', N' Hüvelybemenet és gát helyreállító műtéte', 1, 1, 1, 1, 1)
INSERT INTO [dbo].[ProcedureTypes] ([Id], [Name], [AllowedDoctor], [AllowedNurse], [AllowedLaboratorian], [AllowedDataRecorder], [AllowedAdministrator]) VALUES (N'NGY3009', N' Inkontinencia szalag behelyezése', 1, 1, 1, 1, 1)
INSERT INTO [dbo].[ProcedureTypes] ([Id], [Name], [AllowedDoctor], [AllowedNurse], [AllowedLaboratorian], [AllowedDataRecorder], [AllowedAdministrator]) VALUES (N'NGY3010', N' Küret (kaparás, frakcionált abrasio) altatásban', 1, 1, 1, 1, 1)
INSERT INTO [dbo].[ProcedureTypes] ([Id], [Name], [AllowedDoctor], [AllowedNurse], [AllowedLaboratorian], [AllowedDataRecorder], [AllowedAdministrator]) VALUES (N'NGY3011', N' Diagnosztikus hiszteroszkópia (méhüregi tükrözés)', 1, 1, 1, 1, 1)
INSERT INTO [dbo].[ProcedureTypes] ([Id], [Name], [AllowedDoctor], [AllowedNurse], [AllowedLaboratorian], [AllowedDataRecorder], [AllowedAdministrator]) VALUES (N'NGY4001', N' Diagnosztikus laparoszkópia (hasüregi tükrözés)', 1, 1, 1, 1, 1)
INSERT INTO [dbo].[ProcedureTypes] ([Id], [Name], [AllowedDoctor], [AllowedNurse], [AllowedLaboratorian], [AllowedDataRecorder], [AllowedAdministrator]) VALUES (N'NGY4002', N' Laparoszkópos sterilizáció', 1, 1, 1, 1, 1)
INSERT INTO [dbo].[ProcedureTypes] ([Id], [Name], [AllowedDoctor], [AllowedNurse], [AllowedLaboratorian], [AllowedDataRecorder], [AllowedAdministrator]) VALUES (N'NGY4003', N' Méheltávolítás (hiszterektómia) hasfali metszésen át', 1, 1, 1, 1, 1)
INSERT INTO [dbo].[ProcedureTypes] ([Id], [Name], [AllowedDoctor], [AllowedNurse], [AllowedLaboratorian], [AllowedDataRecorder], [AllowedAdministrator]) VALUES (N'NGY4004', N' Méheltávolítás (hiszterektómia) hüvelyen át', 1, 1, 1, 1, 1)
INSERT INTO [dbo].[ProcedureTypes] ([Id], [Name], [AllowedDoctor], [AllowedNurse], [AllowedLaboratorian], [AllowedDataRecorder], [AllowedAdministrator]) VALUES (N'NGY4005', N' Méhenkívüli terhesség megszüntetése has feltárással, vagy laparoszkópiával', 1, 1, 1, 1, 1)
INSERT INTO [dbo].[ProcedureTypes] ([Id], [Name], [AllowedDoctor], [AllowedNurse], [AllowedLaboratorian], [AllowedDataRecorder], [AllowedAdministrator]) VALUES (N'NGY4006', N' Petefészek ciszta eltávolítás laparotomiából (hasfali metszésből), vagy laparoszkópiával', 1, 1, 1, 1, 1)
INSERT INTO [dbo].[ProcedureTypes] ([Id], [Name], [AllowedDoctor], [AllowedNurse], [AllowedLaboratorian], [AllowedDataRecorder], [AllowedAdministrator]) VALUES (N'NGY4007', N' Petefészek eltávolítás', 1, 1, 1, 1, 1)
INSERT INTO [dbo].[ProcedureTypes] ([Id], [Name], [AllowedDoctor], [AllowedNurse], [AllowedLaboratorian], [AllowedDataRecorder], [AllowedAdministrator]) VALUES (N'NGY4008', N' Petefészek és petevezető eltávolítás', 1, 1, 1, 1, 1)
INSERT INTO [dbo].[ProcedureTypes] ([Id], [Name], [AllowedDoctor], [AllowedNurse], [AllowedLaboratorian], [AllowedDataRecorder], [AllowedAdministrator]) VALUES (N'NGY4009', N'Első és hátsó hüvelyfal plasztika', 1, 1, 1, 1, 1)
INSERT INTO [dbo].[ProcedureTypes] ([Id], [Name], [AllowedDoctor], [AllowedNurse], [AllowedLaboratorian], [AllowedDataRecorder], [AllowedAdministrator]) VALUES (N'nurse', N'Ápoló által kiírható teszt eljárás', 0, 1, 0, 0, 0)
INSERT INTO [dbo].[ProcedureTypes] ([Id], [Name], [AllowedDoctor], [AllowedNurse], [AllowedLaboratorian], [AllowedDataRecorder], [AllowedAdministrator]) VALUES (N'ORT1001', N'Vérvizsgálat', 1, 1, 1, 1, 1)
INSERT INTO [dbo].[ProcedureTypes] ([Id], [Name], [AllowedDoctor], [AllowedNurse], [AllowedLaboratorian], [AllowedDataRecorder], [AllowedAdministrator]) VALUES (N'ORT1002', N'Vizeletvizsgálat', 1, 1, 1, 1, 1)
INSERT INTO [dbo].[ProcedureTypes] ([Id], [Name], [AllowedDoctor], [AllowedNurse], [AllowedLaboratorian], [AllowedDataRecorder], [AllowedAdministrator]) VALUES (N'ORT1003', N'Székletvizsgálat', 1, 1, 1, 1, 1)
INSERT INTO [dbo].[ProcedureTypes] ([Id], [Name], [AllowedDoctor], [AllowedNurse], [AllowedLaboratorian], [AllowedDataRecorder], [AllowedAdministrator]) VALUES (N'ORT1004', N'PSA vizsgálat', 1, 1, 1, 1, 1)
INSERT INTO [dbo].[ProcedureTypes] ([Id], [Name], [AllowedDoctor], [AllowedNurse], [AllowedLaboratorian], [AllowedDataRecorder], [AllowedAdministrator]) VALUES (N'ORT1005', N'Human haemoglobin teszt', 1, 1, 1, 1, 1)
INSERT INTO [dbo].[ProcedureTypes] ([Id], [Name], [AllowedDoctor], [AllowedNurse], [AllowedLaboratorian], [AllowedDataRecorder], [AllowedAdministrator]) VALUES (N'ORT1006', N'ODM - Csontsűrűség-mérés', 1, 1, 1, 1, 1)
INSERT INTO [dbo].[ProcedureTypes] ([Id], [Name], [AllowedDoctor], [AllowedNurse], [AllowedLaboratorian], [AllowedDataRecorder], [AllowedAdministrator]) VALUES (N'ORT1007', N'röntgen ', 1, 1, 1, 1, 1)
INSERT INTO [dbo].[ProcedureTypes] ([Id], [Name], [AllowedDoctor], [AllowedNurse], [AllowedLaboratorian], [AllowedDataRecorder], [AllowedAdministrator]) VALUES (N'ORT1008', N'CT', 1, 1, 1, 1, 1)
INSERT INTO [dbo].[ProcedureTypes] ([Id], [Name], [AllowedDoctor], [AllowedNurse], [AllowedLaboratorian], [AllowedDataRecorder], [AllowedAdministrator]) VALUES (N'ORT1009', N'ultrahang', 1, 1, 1, 1, 1)
INSERT INTO [dbo].[ProcedureTypes] ([Id], [Name], [AllowedDoctor], [AllowedNurse], [AllowedLaboratorian], [AllowedDataRecorder], [AllowedAdministrator]) VALUES (N'ORT2001', N'Core dekompresszió kezdődő combfej elhalás miatt', 1, 1, 1, 1, 1)
INSERT INTO [dbo].[ProcedureTypes] ([Id], [Name], [AllowedDoctor], [AllowedNurse], [AllowedLaboratorian], [AllowedDataRecorder], [AllowedAdministrator]) VALUES (N'ORT2002', N'Cement nélküli csípőprotézis-beültetés ', 1, 1, 1, 1, 1)
INSERT INTO [dbo].[ProcedureTypes] ([Id], [Name], [AllowedDoctor], [AllowedNurse], [AllowedLaboratorian], [AllowedDataRecorder], [AllowedAdministrator]) VALUES (N'ORT2003', N'Csípőizületi protézis csere', 1, 1, 1, 1, 1)
INSERT INTO [dbo].[ProcedureTypes] ([Id], [Name], [AllowedDoctor], [AllowedNurse], [AllowedLaboratorian], [AllowedDataRecorder], [AllowedAdministrator]) VALUES (N'ORT2004', N'Cementes csípőprotézis-beültetés', 1, 1, 1, 1, 1)
INSERT INTO [dbo].[ProcedureTypes] ([Id], [Name], [AllowedDoctor], [AllowedNurse], [AllowedLaboratorian], [AllowedDataRecorder], [AllowedAdministrator]) VALUES (N'ORT2005', N'Combcsont tengelykorrekciós műtéte', 1, 1, 1, 1, 1)
INSERT INTO [dbo].[ProcedureTypes] ([Id], [Name], [AllowedDoctor], [AllowedNurse], [AllowedLaboratorian], [AllowedDataRecorder], [AllowedAdministrator]) VALUES (N'ORT3001', N'Artroszkópos és feltárásos beavatkozások', 1, 1, 1, 1, 1)
INSERT INTO [dbo].[ProcedureTypes] ([Id], [Name], [AllowedDoctor], [AllowedNurse], [AllowedLaboratorian], [AllowedDataRecorder], [AllowedAdministrator]) VALUES (N'ORT3002', N'Térdízületi szinovektómia', 1, 1, 1, 1, 1)
INSERT INTO [dbo].[ProcedureTypes] ([Id], [Name], [AllowedDoctor], [AllowedNurse], [AllowedLaboratorian], [AllowedDataRecorder], [AllowedAdministrator]) VALUES (N'ORT3003', N'Magastíbia oszteotómia: sípcsont görbesége, részleges ízületi porckopás miatt', 1, 1, 1, 1, 1)
INSERT INTO [dbo].[ProcedureTypes] ([Id], [Name], [AllowedDoctor], [AllowedNurse], [AllowedLaboratorian], [AllowedDataRecorder], [AllowedAdministrator]) VALUES (N'ORT3004', N'Térdprotézis beültetés', 1, 1, 1, 1, 1)
INSERT INTO [dbo].[ProcedureTypes] ([Id], [Name], [AllowedDoctor], [AllowedNurse], [AllowedLaboratorian], [AllowedDataRecorder], [AllowedAdministrator]) VALUES (N'ORT3005', N'Meniszkusz sérülések (ízületi porcsarló szakadás) ellátása: reszekció, varrat ', 1, 1, 1, 1, 1)
INSERT INTO [dbo].[ProcedureTypes] ([Id], [Name], [AllowedDoctor], [AllowedNurse], [AllowedLaboratorian], [AllowedDataRecorder], [AllowedAdministrator]) VALUES (N'ORT3006', N'Ízfelszíni porcfelszín károsodások ellátása: debridement, mikrofraktúra, mozaik plasztika ', 1, 1, 1, 1, 1)
INSERT INTO [dbo].[ProcedureTypes] ([Id], [Name], [AllowedDoctor], [AllowedNurse], [AllowedLaboratorian], [AllowedDataRecorder], [AllowedAdministrator]) VALUES (N'ORT3007', N'Térdizületi artrolízis – mozgásjavító műtéti beavatkozások', 1, 1, 1, 1, 1)
INSERT INTO [dbo].[ProcedureTypes] ([Id], [Name], [AllowedDoctor], [AllowedNurse], [AllowedLaboratorian], [AllowedDataRecorder], [AllowedAdministrator]) VALUES (N'ORT3008', N'Patellofemorális (térdkalács) betegségek sebészi kezelése: artroszkópos lateralis rilíz, tuberozitász tibié transpozíció ', 1, 1, 1, 1, 1)
INSERT INTO [dbo].[ProcedureTypes] ([Id], [Name], [AllowedDoctor], [AllowedNurse], [AllowedLaboratorian], [AllowedDataRecorder], [AllowedAdministrator]) VALUES (N'ORT3009', N' Térdízületi sportsérülések, sport ártalmak sebészi kezelése', 1, 1, 1, 1, 1)
INSERT INTO [dbo].[ProcedureTypes] ([Id], [Name], [AllowedDoctor], [AllowedNurse], [AllowedLaboratorian], [AllowedDataRecorder], [AllowedAdministrator]) VALUES (N'ORT3010', N'szalagsérülések artroszkópos és nyitott ellátása: varrat, pótlás', 1, 1, 1, 1, 1)
INSERT INTO [dbo].[ProcedureTypes] ([Id], [Name], [AllowedDoctor], [AllowedNurse], [AllowedLaboratorian], [AllowedDataRecorder], [AllowedAdministrator]) VALUES (N'ORT3011', N'A sípcsont tengelykorrekciós műtéte', 1, 1, 1, 1, 1)
INSERT INTO [dbo].[ProcedureTypes] ([Id], [Name], [AllowedDoctor], [AllowedNurse], [AllowedLaboratorian], [AllowedDataRecorder], [AllowedAdministrator]) VALUES (N'ORT3012', N'Artroszkópos izületi szabadtest eltávolítás', 1, 1, 1, 1, 1)
INSERT INTO [dbo].[ProcedureTypes] ([Id], [Name], [AllowedDoctor], [AllowedNurse], [AllowedLaboratorian], [AllowedDataRecorder], [AllowedAdministrator]) VALUES (N'ORT3013', N'Artroszkópos Plica eltávolítás', 1, 1, 1, 1, 1)
INSERT INTO [dbo].[ProcedureTypes] ([Id], [Name], [AllowedDoctor], [AllowedNurse], [AllowedLaboratorian], [AllowedDataRecorder], [AllowedAdministrator]) VALUES (N'ORT3014', N'Artroszkópos Pridie felfúrás', 1, 1, 1, 1, 1)
INSERT INTO [dbo].[ProcedureTypes] ([Id], [Name], [AllowedDoctor], [AllowedNurse], [AllowedLaboratorian], [AllowedDataRecorder], [AllowedAdministrator]) VALUES (N'ORT3015', N'Baker ciszta eltávolítása', 1, 1, 1, 1, 1)
INSERT INTO [dbo].[ProcedureTypes] ([Id], [Name], [AllowedDoctor], [AllowedNurse], [AllowedLaboratorian], [AllowedDataRecorder], [AllowedAdministrator]) VALUES (N'ORT3016', N'Elülső keresztszalag helyreállítás, porc mozaik plasztikája', 1, 1, 1, 1, 1)
INSERT INTO [dbo].[ProcedureTypes] ([Id], [Name], [AllowedDoctor], [AllowedNurse], [AllowedLaboratorian], [AllowedDataRecorder], [AllowedAdministrator]) VALUES (N'ORT3017', N'Izületi tükrözés során a sérült porcrész helyreállítása, microfractura', 1, 1, 1, 1, 1)
INSERT INTO [dbo].[ProcedureTypes] ([Id], [Name], [AllowedDoctor], [AllowedNurse], [AllowedLaboratorian], [AllowedDataRecorder], [AllowedAdministrator]) VALUES (N'ORT3018', N'Izületi tükrözéssel simítás, tisztítás, porcrész, levált rész, redő eltávolítása', 1, 1, 1, 1, 1)
INSERT INTO [dbo].[ProcedureTypes] ([Id], [Name], [AllowedDoctor], [AllowedNurse], [AllowedLaboratorian], [AllowedDataRecorder], [AllowedAdministrator]) VALUES (N'ORT3019', N'Kiterjesztett lateralis release, tuberositas tibiae transpositio retinaculum bemetszése', 1, 1, 1, 1, 1)
INSERT INTO [dbo].[ProcedureTypes] ([Id], [Name], [AllowedDoctor], [AllowedNurse], [AllowedLaboratorian], [AllowedDataRecorder], [AllowedAdministrator]) VALUES (N'ORT3020', N'Térd protézis beültetés, valamint térdprotézis csere', 1, 1, 1, 1, 1)
INSERT INTO [dbo].[ProcedureTypes] ([Id], [Name], [AllowedDoctor], [AllowedNurse], [AllowedLaboratorian], [AllowedDataRecorder], [AllowedAdministrator]) VALUES (N'ORT3021', N'Térdkalács előtti nyáktömlő eltávolítása', 1, 1, 1, 1, 1)
INSERT INTO [dbo].[ProcedureTypes] ([Id], [Name], [AllowedDoctor], [AllowedNurse], [AllowedLaboratorian], [AllowedDataRecorder], [AllowedAdministrator]) VALUES (N'ORT3022', N'Unicondylaris térdprotézis beültetés', 1, 1, 1, 1, 1)
INSERT INTO [dbo].[ProcedureTypes] ([Id], [Name], [AllowedDoctor], [AllowedNurse], [AllowedLaboratorian], [AllowedDataRecorder], [AllowedAdministrator]) VALUES (N'ORT4001', N'artroszkópos ízületi felszínkezelés: debridement, mikrofractúra, mozaik plasztika', 1, 1, 1, 1, 1)
INSERT INTO [dbo].[ProcedureTypes] ([Id], [Name], [AllowedDoctor], [AllowedNurse], [AllowedLaboratorian], [AllowedDataRecorder], [AllowedAdministrator]) VALUES (N'ORT4002', N'Szinovektómia (ízületi belhártya részleges eltávolítása), szabad ízületi test eltávolítás ', 1, 1, 1, 1, 1)
INSERT INTO [dbo].[ProcedureTypes] ([Id], [Name], [AllowedDoctor], [AllowedNurse], [AllowedLaboratorian], [AllowedDataRecorder], [AllowedAdministrator]) VALUES (N'ORT4003', N'Sportsérülések és sportártalmak sebészi kezelése ', 1, 1, 1, 1, 1)
INSERT INTO [dbo].[ProcedureTypes] ([Id], [Name], [AllowedDoctor], [AllowedNurse], [AllowedLaboratorian], [AllowedDataRecorder], [AllowedAdministrator]) VALUES (N'ORT4004', N'Achilles ín varrata', 1, 1, 1, 1, 1)
INSERT INTO [dbo].[ProcedureTypes] ([Id], [Name], [AllowedDoctor], [AllowedNurse], [AllowedLaboratorian], [AllowedDataRecorder], [AllowedAdministrator]) VALUES (N'ORT4005', N'Boka protézis', 1, 1, 1, 1, 1)
INSERT INTO [dbo].[ProcedureTypes] ([Id], [Name], [AllowedDoctor], [AllowedNurse], [AllowedLaboratorian], [AllowedDataRecorder], [AllowedAdministrator]) VALUES (N'ORT4006', N'Bokaizület elmerevítése', 1, 1, 1, 1, 1)
INSERT INTO [dbo].[ProcedureTypes] ([Id], [Name], [AllowedDoctor], [AllowedNurse], [AllowedLaboratorian], [AllowedDataRecorder], [AllowedAdministrator]) VALUES (N'ORT4007', N'Bokaszalag varrat, plasztika, tokfeszítés', 1, 1, 1, 1, 1)
INSERT INTO [dbo].[ProcedureTypes] ([Id], [Name], [AllowedDoctor], [AllowedNurse], [AllowedLaboratorian], [AllowedDataRecorder], [AllowedAdministrator]) VALUES (N'ORT4008', N'Bokatáji ganglion műtét', 1, 1, 1, 1, 1)
INSERT INTO [dbo].[ProcedureTypes] ([Id], [Name], [AllowedDoctor], [AllowedNurse], [AllowedLaboratorian], [AllowedDataRecorder], [AllowedAdministrator]) VALUES (N'ORT5001', N'Előláb deformitások (bütyök, kalapács ujj, talpfájdalom) korrekciós műtétje', 1, 1, 1, 1, 1)
INSERT INTO [dbo].[ProcedureTypes] ([Id], [Name], [AllowedDoctor], [AllowedNurse], [AllowedLaboratorian], [AllowedDataRecorder], [AllowedAdministrator]) VALUES (N'ORT5002', N'Haglund sarok műtéti kezelése', 1, 1, 1, 1, 1)
INSERT INTO [dbo].[ProcedureTypes] ([Id], [Name], [AllowedDoctor], [AllowedNurse], [AllowedLaboratorian], [AllowedDataRecorder], [AllowedAdministrator]) VALUES (N'ORT5003', N'A II-IV. lábtőcsont fejének plasztikája', 1, 1, 1, 1, 1)
INSERT INTO [dbo].[ProcedureTypes] ([Id], [Name], [AllowedDoctor], [AllowedNurse], [AllowedLaboratorian], [AllowedDataRecorder], [AllowedAdministrator]) VALUES (N'ORT5004', N'Achilles-ín szakadás fedett és nyitott műtéti ellátása', 1, 1, 1, 1, 1)
INSERT INTO [dbo].[ProcedureTypes] ([Id], [Name], [AllowedDoctor], [AllowedNurse], [AllowedLaboratorian], [AllowedDataRecorder], [AllowedAdministrator]) VALUES (N'ORT5005', N'Achilles-ín tendinitis miatt végzett synovectomia', 1, 1, 1, 1, 1)
INSERT INTO [dbo].[ProcedureTypes] ([Id], [Name], [AllowedDoctor], [AllowedNurse], [AllowedLaboratorian], [AllowedDataRecorder], [AllowedAdministrator]) VALUES (N'ORT5006', N'Az első lábtőcsont műtéte', 1, 1, 1, 1, 1)
INSERT INTO [dbo].[ProcedureTypes] ([Id], [Name], [AllowedDoctor], [AllowedNurse], [AllowedLaboratorian], [AllowedDataRecorder], [AllowedAdministrator]) VALUES (N'ORT5007', N'Csontkinövés levésés', 1, 1, 1, 1, 1)
INSERT INTO [dbo].[ProcedureTypes] ([Id], [Name], [AllowedDoctor], [AllowedNurse], [AllowedLaboratorian], [AllowedDataRecorder], [AllowedAdministrator]) VALUES (N'ORT5008', N'Egyéb láb deformációk műtéti megoldása', 1, 1, 1, 1, 1)
INSERT INTO [dbo].[ProcedureTypes] ([Id], [Name], [AllowedDoctor], [AllowedNurse], [AllowedLaboratorian], [AllowedDataRecorder], [AllowedAdministrator]) VALUES (N'ORT5009', N'Lábközépcsontok törésének műtési ellátása', 1, 1, 1, 1, 1)
INSERT INTO [dbo].[ProcedureTypes] ([Id], [Name], [AllowedDoctor], [AllowedNurse], [AllowedLaboratorian], [AllowedDataRecorder], [AllowedAdministrator]) VALUES (N'ORT5010', N'Nagylábujj lábtő-lábujj izületének rezekciós plasztikája', 1, 1, 1, 1, 1)
INSERT INTO [dbo].[ProcedureTypes] ([Id], [Name], [AllowedDoctor], [AllowedNurse], [AllowedLaboratorian], [AllowedDataRecorder], [AllowedAdministrator]) VALUES (N'ORT5011', N'Ujjizületi protézis', 1, 1, 1, 1, 1)
INSERT INTO [dbo].[ProcedureTypes] ([Id], [Name], [AllowedDoctor], [AllowedNurse], [AllowedLaboratorian], [AllowedDataRecorder], [AllowedAdministrator]) VALUES (N'ORT6001', N'Szubakromiális impigement (ütődéses) szindróma sebészi kezelése artroszkópos és nyílt technikával: debridement, akromion plasztika ', 1, 1, 1, 1, 1)
INSERT INTO [dbo].[ProcedureTypes] ([Id], [Name], [AllowedDoctor], [AllowedNurse], [AllowedLaboratorian], [AllowedDataRecorder], [AllowedAdministrator]) VALUES (N'ORT6002', N'Rotátor köpeny szakadás sebészi kezelése artroszkópos vagy nyílt módszerrel: akromion plasztika, debridement, bicepsz tenotómia, ROK varrat (refixáció), ennek kilátástalansága esetén Rockwood műtét ', 1, 1, 1, 1, 1)
INSERT INTO [dbo].[ProcedureTypes] ([Id], [Name], [AllowedDoctor], [AllowedNurse], [AllowedLaboratorian], [AllowedDataRecorder], [AllowedAdministrator]) VALUES (N'ORT6003', N'Vállizületi sportsérülések és sportártalmak sebészi ellátása', 1, 1, 1, 1, 1)
INSERT INTO [dbo].[ProcedureTypes] ([Id], [Name], [AllowedDoctor], [AllowedNurse], [AllowedLaboratorian], [AllowedDataRecorder], [AllowedAdministrator]) VALUES (N'ORT6004', N'Vállizületi instabilitás sebészi kezelése artroszkópos és nyílt módszerrel: pl. többszöri vállficam esetén labrum refixáció, ízületi tok zsugorítás, csontos ütközők', 1, 1, 1, 1, 1)
INSERT INTO [dbo].[ProcedureTypes] ([Id], [Name], [AllowedDoctor], [AllowedNurse], [AllowedLaboratorian], [AllowedDataRecorder], [AllowedAdministrator]) VALUES (N'ORT6005', N'Befagyott váll (frozen shoulder) maitti artrolízis, artroszkópos sebészi felszabadítás, debridement', 1, 1, 1, 1, 1)
INSERT INTO [dbo].[ProcedureTypes] ([Id], [Name], [AllowedDoctor], [AllowedNurse], [AllowedLaboratorian], [AllowedDataRecorder], [AllowedAdministrator]) VALUES (N'ORT6006', N'Vállizületi porckárosodások felszínpótló kezelései protézis beültetéssel ', 1, 1, 1, 1, 1)
INSERT INTO [dbo].[ProcedureTypes] ([Id], [Name], [AllowedDoctor], [AllowedNurse], [AllowedLaboratorian], [AllowedDataRecorder], [AllowedAdministrator]) VALUES (N'ORT6007', N'A kulcscsont oldalsó részének eltávolítása és a kulcscsont-lapocka izület kitisztítása', 1, 1, 1, 1, 1)
INSERT INTO [dbo].[ProcedureTypes] ([Id], [Name], [AllowedDoctor], [AllowedNurse], [AllowedLaboratorian], [AllowedDataRecorder], [AllowedAdministrator]) VALUES (N'ORT6008', N'AC ízületi ficam stabilizálása', 1, 1, 1, 1, 1)
INSERT INTO [dbo].[ProcedureTypes] ([Id], [Name], [AllowedDoctor], [AllowedNurse], [AllowedLaboratorian], [AllowedDataRecorder], [AllowedAdministrator]) VALUES (N'ORT6009', N'Biceps-ín reinsertio', 1, 1, 1, 1, 1)
INSERT INTO [dbo].[ProcedureTypes] ([Id], [Name], [AllowedDoctor], [AllowedNurse], [AllowedLaboratorian], [AllowedDataRecorder], [AllowedAdministrator]) VALUES (N'ORT6010', N'Felső végtag (kivéve: kéz) műtétei', 1, 1, 1, 1, 1)
INSERT INTO [dbo].[ProcedureTypes] ([Id], [Name], [AllowedDoctor], [AllowedNurse], [AllowedLaboratorian], [AllowedDataRecorder], [AllowedAdministrator]) VALUES (N'ORT6011', N'Kiterjesztett vállartroszkópia', 1, 1, 1, 1, 1)
INSERT INTO [dbo].[ProcedureTypes] ([Id], [Name], [AllowedDoctor], [AllowedNurse], [AllowedLaboratorian], [AllowedDataRecorder], [AllowedAdministrator]) VALUES (N'ORT6012', N'Váll rotátor köpeny inának rekonstrukciója', 1, 1, 1, 1, 1)
INSERT INTO [dbo].[ProcedureTypes] ([Id], [Name], [AllowedDoctor], [AllowedNurse], [AllowedLaboratorian], [AllowedDataRecorder], [AllowedAdministrator]) VALUES (N'ORT6013', N'Vállizület plasztika és tisztítás izületmegnyitó műtéttel', 1, 1, 1, 1, 1)
INSERT INTO [dbo].[ProcedureTypes] ([Id], [Name], [AllowedDoctor], [AllowedNurse], [AllowedLaboratorian], [AllowedDataRecorder], [AllowedAdministrator]) VALUES (N'ORT6014', N'Vállizületi protézis', 1, 1, 1, 1, 1)
INSERT INTO [dbo].[ProcedureTypes] ([Id], [Name], [AllowedDoctor], [AllowedNurse], [AllowedLaboratorian], [AllowedDataRecorder], [AllowedAdministrator]) VALUES (N'ORT6015', N'Vállizületi tükrözés során izületi plasztika (Bankart műtét)', 1, 1, 1, 1, 1)
INSERT INTO [dbo].[ProcedureTypes] ([Id], [Name], [AllowedDoctor], [AllowedNurse], [AllowedLaboratorian], [AllowedDataRecorder], [AllowedAdministrator]) VALUES (N'ORT6016', N'Weaver-Dunn műtét', 1, 1, 1, 1, 1)
INSERT INTO [dbo].[ProcedureTypes] ([Id], [Name], [AllowedDoctor], [AllowedNurse], [AllowedLaboratorian], [AllowedDataRecorder], [AllowedAdministrator]) VALUES (N'ORT7001', N'Könyökízületi szabad ízületi test eltávolítás, ízületi felszínkezelés, megvastagodott ízületi belhártya eltávolítása artroszkópos technikával', 1, 1, 1, 1, 1)
INSERT INTO [dbo].[ProcedureTypes] ([Id], [Name], [AllowedDoctor], [AllowedNurse], [AllowedLaboratorian], [AllowedDataRecorder], [AllowedAdministrator]) VALUES (N'ORT7002', N'Könyök-bursa kiírtása', 1, 1, 1, 1, 1)
INSERT INTO [dbo].[ProcedureTypes] ([Id], [Name], [AllowedDoctor], [AllowedNurse], [AllowedLaboratorian], [AllowedDataRecorder], [AllowedAdministrator]) VALUES (N'ORT7003', N'Felkar-singcsont közötti izület plasztikája', 1, 1, 1, 1, 1)
INSERT INTO [dbo].[ProcedureTypes] ([Id], [Name], [AllowedDoctor], [AllowedNurse], [AllowedLaboratorian], [AllowedDataRecorder], [AllowedAdministrator]) VALUES (N'ORT7004', N'Könyök feletti nyálkatömlő eltávolítása', 1, 1, 1, 1, 1)
INSERT INTO [dbo].[ProcedureTypes] ([Id], [Name], [AllowedDoctor], [AllowedNurse], [AllowedLaboratorian], [AllowedDataRecorder], [AllowedAdministrator]) VALUES (N'ORT7005', N'Könyökízületi arthroscopia', 1, 1, 1, 1, 1)
INSERT INTO [dbo].[ProcedureTypes] ([Id], [Name], [AllowedDoctor], [AllowedNurse], [AllowedLaboratorian], [AllowedDataRecorder], [AllowedAdministrator]) VALUES (N'ORT7006', N'Könyökizületi hártya eltávolítása', 1, 1, 1, 1, 1)
INSERT INTO [dbo].[ProcedureTypes] ([Id], [Name], [AllowedDoctor], [AllowedNurse], [AllowedLaboratorian], [AllowedDataRecorder], [AllowedAdministrator]) VALUES (N'ORT7007', N'Könyökizületi protézis', 1, 1, 1, 1, 1)
INSERT INTO [dbo].[ProcedureTypes] ([Id], [Name], [AllowedDoctor], [AllowedNurse], [AllowedLaboratorian], [AllowedDataRecorder], [AllowedAdministrator]) VALUES (N'ORT7008', N'Tenisz/golfkönyök ellátása thrombocyta suspensiós injekciós kezeléssel', 1, 1, 1, 1, 1)
INSERT INTO [dbo].[ProcedureTypes] ([Id], [Name], [AllowedDoctor], [AllowedNurse], [AllowedLaboratorian], [AllowedDataRecorder], [AllowedAdministrator]) VALUES (N'ORT7009', N'Tenisz/golfkönyök műtéti ellátása', 1, 1, 1, 1, 1)
INSERT INTO [dbo].[ProcedureTypes] ([Id], [Name], [AllowedDoctor], [AllowedNurse], [AllowedLaboratorian], [AllowedDataRecorder], [AllowedAdministrator]) VALUES (N'ORT8001', N'Pattanó ujj: ínhüvely bemetszés', 1, 1, 1, 1, 1)
INSERT INTO [dbo].[ProcedureTypes] ([Id], [Name], [AllowedDoctor], [AllowedNurse], [AllowedLaboratorian], [AllowedDataRecorder], [AllowedAdministrator]) VALUES (N'ORT8002', N'Kis ízületi szinovektómia (belhártya felszaporodás eltávolítása)', 1, 1, 1, 1, 1)
INSERT INTO [dbo].[ProcedureTypes] ([Id], [Name], [AllowedDoctor], [AllowedNurse], [AllowedLaboratorian], [AllowedDataRecorder], [AllowedAdministrator]) VALUES (N'ORT8003', N'Kis ízületi protézis beültetés', 1, 1, 1, 1, 1)
INSERT INTO [dbo].[ProcedureTypes] ([Id], [Name], [AllowedDoctor], [AllowedNurse], [AllowedLaboratorian], [AllowedDataRecorder], [AllowedAdministrator]) VALUES (N'ORT8004', N'Carpal tunnel szindróma (kéztőcsatorna műtét)', 1, 1, 1, 1, 1)
INSERT INTO [dbo].[ProcedureTypes] ([Id], [Name], [AllowedDoctor], [AllowedNurse], [AllowedLaboratorian], [AllowedDataRecorder], [AllowedAdministrator]) VALUES (N'ORT8005', N'Csontos extensor ín felszabadítás', 1, 1, 1, 1, 1)
INSERT INTO [dbo].[ProcedureTypes] ([Id], [Name], [AllowedDoctor], [AllowedNurse], [AllowedLaboratorian], [AllowedDataRecorder], [AllowedAdministrator]) VALUES (N'ORT8006', N'Csuklóizületi ínhüvely.gyulladás miatti műtétek', 1, 1, 1, 1, 1)
INSERT INTO [dbo].[ProcedureTypes] ([Id], [Name], [AllowedDoctor], [AllowedNurse], [AllowedLaboratorian], [AllowedDataRecorder], [AllowedAdministrator]) VALUES (N'ORT8007', N'Dupuytren kontraktúra megszüntetése - több ujjon', 1, 1, 1, 1, 1)
INSERT INTO [dbo].[ProcedureTypes] ([Id], [Name], [AllowedDoctor], [AllowedNurse], [AllowedLaboratorian], [AllowedDataRecorder], [AllowedAdministrator]) VALUES (N'ORT8008', N'Dupuytren kontrktúra - egy ujjon', 1, 1, 1, 1, 1)
INSERT INTO [dbo].[ProcedureTypes] ([Id], [Name], [AllowedDoctor], [AllowedNurse], [AllowedLaboratorian], [AllowedDataRecorder], [AllowedAdministrator]) VALUES (N'ORT8009', N'Ínhüvely-eltávolítás', 1, 1, 1, 1, 1)
INSERT INTO [dbo].[ProcedureTypes] ([Id], [Name], [AllowedDoctor], [AllowedNurse], [AllowedLaboratorian], [AllowedDataRecorder], [AllowedAdministrator]) VALUES (N'ORT8010', N'Kéz feszítőín helyreállítás', 1, 1, 1, 1, 1)
INSERT INTO [dbo].[ProcedureTypes] ([Id], [Name], [AllowedDoctor], [AllowedNurse], [AllowedLaboratorian], [AllowedDataRecorder], [AllowedAdministrator]) VALUES (N'ORT8011', N'Kézín varrata', 1, 1, 1, 1, 1)
INSERT INTO [dbo].[ProcedureTypes] ([Id], [Name], [AllowedDoctor], [AllowedNurse], [AllowedLaboratorian], [AllowedDataRecorder], [AllowedAdministrator]) VALUES (N'ORT8012', N'Kéztőcsontok és ujjcsontok közti izületekből hártya eltávolítása', 1, 1, 1, 1, 1)
INSERT INTO [dbo].[ProcedureTypes] ([Id], [Name], [AllowedDoctor], [AllowedNurse], [AllowedLaboratorian], [AllowedDataRecorder], [AllowedAdministrator]) VALUES (N'ORT8013', N'Kézujjak izületeinek plasztikája', 1, 1, 1, 1, 1)
INSERT INTO [dbo].[ProcedureTypes] ([Id], [Name], [AllowedDoctor], [AllowedNurse], [AllowedLaboratorian], [AllowedDataRecorder], [AllowedAdministrator]) VALUES (N'ORT8014', N'Karpalisz (csukló) alagút synroma (tenyér zsibbadás): n. Mediánus felszabadítás', 1, 1, 1, 1, 1)
INSERT INTO [dbo].[ProcedureTypes] ([Id], [Name], [AllowedDoctor], [AllowedNurse], [AllowedLaboratorian], [AllowedDataRecorder], [AllowedAdministrator]) VALUES (N'ORT8015', N'Ízületi szinovektómia - Csuklótáji ganglionok eltávolítása', 1, 1, 1, 1, 1)
INSERT INTO [dbo].[ProcedureTypes] ([Id], [Name], [AllowedDoctor], [AllowedNurse], [AllowedLaboratorian], [AllowedDataRecorder], [AllowedAdministrator]) VALUES (N'PLS1001', N'Ránctalanítás Botox injekciós kezeléssel ', 1, 1, 1, 1, 1)
INSERT INTO [dbo].[ProcedureTypes] ([Id], [Name], [AllowedDoctor], [AllowedNurse], [AllowedLaboratorian], [AllowedDataRecorder], [AllowedAdministrator]) VALUES (N'PLS1002', N'Anyajegyek, bőrelváltozások kezelése', 1, 1, 1, 1, 1)
INSERT INTO [dbo].[ProcedureTypes] ([Id], [Name], [AllowedDoctor], [AllowedNurse], [AllowedLaboratorian], [AllowedDataRecorder], [AllowedAdministrator]) VALUES (N'PLS1003', N'Botox izzadás kezelés (hónalji, talpi, tenyéri izzadás megszüntetésére) ', 1, 1, 1, 1, 1)
INSERT INTO [dbo].[ProcedureTypes] ([Id], [Name], [AllowedDoctor], [AllowedNurse], [AllowedLaboratorian], [AllowedDataRecorder], [AllowedAdministrator]) VALUES (N'PLS1004', N'Ajakfeltöltés', 1, 1, 1, 1, 1)
INSERT INTO [dbo].[ProcedureTypes] ([Id], [Name], [AllowedDoctor], [AllowedNurse], [AllowedLaboratorian], [AllowedDataRecorder], [AllowedAdministrator]) VALUES (N'PLS1005', N'Ráncfeltöltés, arckontúr formálás Juvederm hiarulonsav készítménnyel', 1, 1, 1, 1, 1)
INSERT INTO [dbo].[ProcedureTypes] ([Id], [Name], [AllowedDoctor], [AllowedNurse], [AllowedLaboratorian], [AllowedDataRecorder], [AllowedAdministrator]) VALUES (N'PLS2001', N'Arcplasztika, Középső arcfélplasztika (MACS lift) ', 1, 1, 1, 1, 1)
INSERT INTO [dbo].[ProcedureTypes] ([Id], [Name], [AllowedDoctor], [AllowedNurse], [AllowedLaboratorian], [AllowedDataRecorder], [AllowedAdministrator]) VALUES (N'PLS2002', N'Nyakplasztika', 1, 1, 1, 1, 1)
INSERT INTO [dbo].[ProcedureTypes] ([Id], [Name], [AllowedDoctor], [AllowedNurse], [AllowedLaboratorian], [AllowedDataRecorder], [AllowedAdministrator]) VALUES (N'PLS2003', N'Homlokplasztika', 1, 1, 1, 1, 1)
INSERT INTO [dbo].[ProcedureTypes] ([Id], [Name], [AllowedDoctor], [AllowedNurse], [AllowedLaboratorian], [AllowedDataRecorder], [AllowedAdministrator]) VALUES (N'PLS2004', N'Szemhéjplasztika  ', 1, 1, 1, 1, 1)
INSERT INTO [dbo].[ProcedureTypes] ([Id], [Name], [AllowedDoctor], [AllowedNurse], [AllowedLaboratorian], [AllowedDataRecorder], [AllowedAdministrator]) VALUES (N'PLS2005', N'Orrplasztika ', 1, 1, 1, 1, 1)
INSERT INTO [dbo].[ProcedureTypes] ([Id], [Name], [AllowedDoctor], [AllowedNurse], [AllowedLaboratorian], [AllowedDataRecorder], [AllowedAdministrator]) VALUES (N'PLS2006', N'Állplasztika  ', 1, 1, 1, 1, 1)
INSERT INTO [dbo].[ProcedureTypes] ([Id], [Name], [AllowedDoctor], [AllowedNurse], [AllowedLaboratorian], [AllowedDataRecorder], [AllowedAdministrator]) VALUES (N'PLS2007', N'Fülplasztika', 1, 1, 1, 1, 1)
INSERT INTO [dbo].[ProcedureTypes] ([Id], [Name], [AllowedDoctor], [AllowedNurse], [AllowedLaboratorian], [AllowedDataRecorder], [AllowedAdministrator]) VALUES (N'PLS3001', N'Mellnagyobbítás  ', 1, 1, 1, 1, 1)
INSERT INTO [dbo].[ProcedureTypes] ([Id], [Name], [AllowedDoctor], [AllowedNurse], [AllowedLaboratorian], [AllowedDataRecorder], [AllowedAdministrator]) VALUES (N'PLS3002', N'Mellkisebbítés ', 1, 1, 1, 1, 1)
INSERT INTO [dbo].[ProcedureTypes] ([Id], [Name], [AllowedDoctor], [AllowedNurse], [AllowedLaboratorian], [AllowedDataRecorder], [AllowedAdministrator]) VALUES (N'PLS3003', N'Mellfelvarrás  ', 1, 1, 1, 1, 1)
INSERT INTO [dbo].[ProcedureTypes] ([Id], [Name], [AllowedDoctor], [AllowedNurse], [AllowedLaboratorian], [AllowedDataRecorder], [AllowedAdministrator]) VALUES (N'PLS3004', N'Hasplasztika ', 1, 1, 1, 1, 1)
INSERT INTO [dbo].[ProcedureTypes] ([Id], [Name], [AllowedDoctor], [AllowedNurse], [AllowedLaboratorian], [AllowedDataRecorder], [AllowedAdministrator]) VALUES (N'PLS3005', N'Alsó törzsplasztika  ', 1, 1, 1, 1, 1)
INSERT INTO [dbo].[ProcedureTypes] ([Id], [Name], [AllowedDoctor], [AllowedNurse], [AllowedLaboratorian], [AllowedDataRecorder], [AllowedAdministrator]) VALUES (N'PLS3006', N'Felső törzsplasztika ', 1, 1, 1, 1, 1)
INSERT INTO [dbo].[ProcedureTypes] ([Id], [Name], [AllowedDoctor], [AllowedNurse], [AllowedLaboratorian], [AllowedDataRecorder], [AllowedAdministrator]) VALUES (N'PLS3007', N'Zsírleszívás  ', 1, 1, 1, 1, 1)
INSERT INTO [dbo].[ProcedureTypes] ([Id], [Name], [AllowedDoctor], [AllowedNurse], [AllowedLaboratorian], [AllowedDataRecorder], [AllowedAdministrator]) VALUES (N'PLS3008', N'Fenékplasztika ', 1, 1, 1, 1, 1)
INSERT INTO [dbo].[ProcedureTypes] ([Id], [Name], [AllowedDoctor], [AllowedNurse], [AllowedLaboratorian], [AllowedDataRecorder], [AllowedAdministrator]) VALUES (N'PLS3009', N'Combplasztika  ', 1, 1, 1, 1, 1)
INSERT INTO [dbo].[ProcedureTypes] ([Id], [Name], [AllowedDoctor], [AllowedNurse], [AllowedLaboratorian], [AllowedDataRecorder], [AllowedAdministrator]) VALUES (N'PLS3010', N'Felkarplasztika ', 1, 1, 1, 1, 1)
INSERT INTO [dbo].[ProcedureTypes] ([Id], [Name], [AllowedDoctor], [AllowedNurse], [AllowedLaboratorian], [AllowedDataRecorder], [AllowedAdministrator]) VALUES (N'PLS3011', N'Vádliplasztika  ', 1, 1, 1, 1, 1)
INSERT INTO [dbo].[ProcedureTypes] ([Id], [Name], [AllowedDoctor], [AllowedNurse], [AllowedLaboratorian], [AllowedDataRecorder], [AllowedAdministrator]) VALUES (N'PLS3012', N'Zsírbeültetés', 1, 1, 1, 1, 1)
INSERT INTO [dbo].[ProcedureTypes] ([Id], [Name], [AllowedDoctor], [AllowedNurse], [AllowedLaboratorian], [AllowedDataRecorder], [AllowedAdministrator]) VALUES (N'PLS4001', N'Gynecomastia  ', 1, 1, 1, 1, 1)
INSERT INTO [dbo].[ProcedureTypes] ([Id], [Name], [AllowedDoctor], [AllowedNurse], [AllowedLaboratorian], [AllowedDataRecorder], [AllowedAdministrator]) VALUES (N'PLS4002', N'Orrplasztika ', 1, 1, 1, 1, 1)
INSERT INTO [dbo].[ProcedureTypes] ([Id], [Name], [AllowedDoctor], [AllowedNurse], [AllowedLaboratorian], [AllowedDataRecorder], [AllowedAdministrator]) VALUES (N'PLS4003', N'Mellizom nagyobbítás implantátummal', 1, 1, 1, 1, 1)
INSERT INTO [dbo].[ProcedureTypes] ([Id], [Name], [AllowedDoctor], [AllowedNurse], [AllowedLaboratorian], [AllowedDataRecorder], [AllowedAdministrator]) VALUES (N'PLS4004', N'Zsírleszívás ', 1, 1, 1, 1, 1)
INSERT INTO [dbo].[ProcedureTypes] ([Id], [Name], [AllowedDoctor], [AllowedNurse], [AllowedLaboratorian], [AllowedDataRecorder], [AllowedAdministrator]) VALUES (N'PLS4005', N'Törzsplasztika   ', 1, 1, 1, 1, 1)
INSERT INTO [dbo].[ProcedureTypes] ([Id], [Name], [AllowedDoctor], [AllowedNurse], [AllowedLaboratorian], [AllowedDataRecorder], [AllowedAdministrator]) VALUES (N'PLS4006', N'Arcplasztika ', 1, 1, 1, 1, 1)
INSERT INTO [dbo].[ProcedureTypes] ([Id], [Name], [AllowedDoctor], [AllowedNurse], [AllowedLaboratorian], [AllowedDataRecorder], [AllowedAdministrator]) VALUES (N'PLS4007', N'Szemhéjplasztika ', 1, 1, 1, 1, 1)
INSERT INTO [dbo].[ProcedureTypes] ([Id], [Name], [AllowedDoctor], [AllowedNurse], [AllowedLaboratorian], [AllowedDataRecorder], [AllowedAdministrator]) VALUES (N'PLS4008', N'Vádli izom nagyobbítás implantátummal', 1, 1, 1, 1, 1)
INSERT INTO [dbo].[ProcedureTypes] ([Id], [Name], [AllowedDoctor], [AllowedNurse], [AllowedLaboratorian], [AllowedDataRecorder], [AllowedAdministrator]) VALUES (N'PLS5001', N'Hüvelyplasztika  ', 1, 1, 1, 1, 1)
INSERT INTO [dbo].[ProcedureTypes] ([Id], [Name], [AllowedDoctor], [AllowedNurse], [AllowedLaboratorian], [AllowedDataRecorder], [AllowedAdministrator]) VALUES (N'PLS5002', N'Kisajak plasztika ', 1, 1, 1, 1, 1)
INSERT INTO [dbo].[ProcedureTypes] ([Id], [Name], [AllowedDoctor], [AllowedNurse], [AllowedLaboratorian], [AllowedDataRecorder], [AllowedAdministrator]) VALUES (N'PLS5003', N'Szeméremdomb plasztika  ', 1, 1, 1, 1, 1)
INSERT INTO [dbo].[ProcedureTypes] ([Id], [Name], [AllowedDoctor], [AllowedNurse], [AllowedLaboratorian], [AllowedDataRecorder], [AllowedAdministrator]) VALUES (N'PLS6001', N'Kombinált mellplasztika  ', 1, 1, 1, 1, 1)
INSERT INTO [dbo].[ProcedureTypes] ([Id], [Name], [AllowedDoctor], [AllowedNurse], [AllowedLaboratorian], [AllowedDataRecorder], [AllowedAdministrator]) VALUES (N'PLS6002', N'Szülés utáni alakkorrekció', 1, 1, 1, 1, 1)
INSERT INTO [dbo].[ProcedureTypes] ([Id], [Name], [AllowedDoctor], [AllowedNurse], [AllowedLaboratorian], [AllowedDataRecorder], [AllowedAdministrator]) VALUES (N'PLS7001', N'Laboratóriumi vizsgálatok ', 1, 1, 1, 1, 1)
INSERT INTO [dbo].[ProcedureTypes] ([Id], [Name], [AllowedDoctor], [AllowedNurse], [AllowedLaboratorian], [AllowedDataRecorder], [AllowedAdministrator]) VALUES (N'PLS7002', N'Röntgenvizsgálatok ', 1, 1, 1, 1, 1)
INSERT INTO [dbo].[ProcedureTypes] ([Id], [Name], [AllowedDoctor], [AllowedNurse], [AllowedLaboratorian], [AllowedDataRecorder], [AllowedAdministrator]) VALUES (N'PLS7003', N'Mammográfia ', 1, 1, 1, 1, 1)
INSERT INTO [dbo].[ProcedureTypes] ([Id], [Name], [AllowedDoctor], [AllowedNurse], [AllowedLaboratorian], [AllowedDataRecorder], [AllowedAdministrator]) VALUES (N'PLS7004', N'Mellkasröntgen ', 1, 1, 1, 1, 1)
INSERT INTO [dbo].[ProcedureTypes] ([Id], [Name], [AllowedDoctor], [AllowedNurse], [AllowedLaboratorian], [AllowedDataRecorder], [AllowedAdministrator]) VALUES (N'PLS7005', N'Ultrahang vizsgálatok ', 1, 1, 1, 1, 1)
INSERT INTO [dbo].[ProcedureTypes] ([Id], [Name], [AllowedDoctor], [AllowedNurse], [AllowedLaboratorian], [AllowedDataRecorder], [AllowedAdministrator]) VALUES (N'PLS7006', N'Hasi ultrahang ', 1, 1, 1, 1, 1)
INSERT INTO [dbo].[ProcedureTypes] ([Id], [Name], [AllowedDoctor], [AllowedNurse], [AllowedLaboratorian], [AllowedDataRecorder], [AllowedAdministrator]) VALUES (N'PLS7007', N'Emlő ultrahang ', 1, 1, 1, 1, 1)
INSERT INTO [dbo].[ProcedureTypes] ([Id], [Name], [AllowedDoctor], [AllowedNurse], [AllowedLaboratorian], [AllowedDataRecorder], [AllowedAdministrator]) VALUES (N'PRO1001', N'instrumentális beavatkozás (gumigyűrű ligatura, fotokoaguláció, stb.)', 1, 1, 1, 1, 1)
INSERT INTO [dbo].[ProcedureTypes] ([Id], [Name], [AllowedDoctor], [AllowedNurse], [AllowedLaboratorian], [AllowedDataRecorder], [AllowedAdministrator]) VALUES (N'PRO1002', N'gyógyszeres kezelés', 1, 1, 1, 1, 1)
INSERT INTO [dbo].[ProcedureTypes] ([Id], [Name], [AllowedDoctor], [AllowedNurse], [AllowedLaboratorian], [AllowedDataRecorder], [AllowedAdministrator]) VALUES (N'PRO1003', N'lézeres aranyérműtét', 1, 1, 1, 1, 1)
INSERT INTO [dbo].[ProcedureTypes] ([Id], [Name], [AllowedDoctor], [AllowedNurse], [AllowedLaboratorian], [AllowedDataRecorder], [AllowedAdministrator]) VALUES (N'PSI1001', N'pszichoterápia', 1, 1, 1, 1, 1)
INSERT INTO [dbo].[ProcedureTypes] ([Id], [Name], [AllowedDoctor], [AllowedNurse], [AllowedLaboratorian], [AllowedDataRecorder], [AllowedAdministrator]) VALUES (N'PSI1002', N'gyógyszeres kezelés', 1, 1, 1, 1, 1)
INSERT INTO [dbo].[ProcedureTypes] ([Id], [Name], [AllowedDoctor], [AllowedNurse], [AllowedLaboratorian], [AllowedDataRecorder], [AllowedAdministrator]) VALUES (N'PUL1001', N'allergológiai vizsgálat', 1, 1, 1, 1, 1)
INSERT INTO [dbo].[ProcedureTypes] ([Id], [Name], [AllowedDoctor], [AllowedNurse], [AllowedLaboratorian], [AllowedDataRecorder], [AllowedAdministrator]) VALUES (N'PUL1002', N'vérkép laboratóriumi elemzése', 1, 1, 1, 1, 1)
INSERT INTO [dbo].[ProcedureTypes] ([Id], [Name], [AllowedDoctor], [AllowedNurse], [AllowedLaboratorian], [AllowedDataRecorder], [AllowedAdministrator]) VALUES (N'PUL1003', N'légzésfunkció-mérés', 1, 1, 1, 1, 1)
INSERT INTO [dbo].[ProcedureTypes] ([Id], [Name], [AllowedDoctor], [AllowedNurse], [AllowedLaboratorian], [AllowedDataRecorder], [AllowedAdministrator]) VALUES (N'PUL1004', N'röntgen', 1, 1, 1, 1, 1)
INSERT INTO [dbo].[ProcedureTypes] ([Id], [Name], [AllowedDoctor], [AllowedNurse], [AllowedLaboratorian], [AllowedDataRecorder], [AllowedAdministrator]) VALUES (N'PUL1005', N'ultrahang', 1, 1, 1, 1, 1)
INSERT INTO [dbo].[ProcedureTypes] ([Id], [Name], [AllowedDoctor], [AllowedNurse], [AllowedLaboratorian], [AllowedDataRecorder], [AllowedAdministrator]) VALUES (N'RAD1001', N'Röntgen ', 1, 1, 1, 1, 1)
INSERT INTO [dbo].[ProcedureTypes] ([Id], [Name], [AllowedDoctor], [AllowedNurse], [AllowedLaboratorian], [AllowedDataRecorder], [AllowedAdministrator]) VALUES (N'RAD1002', N'Mammográfia ', 1, 1, 1, 1, 1)
INSERT INTO [dbo].[ProcedureTypes] ([Id], [Name], [AllowedDoctor], [AllowedNurse], [AllowedLaboratorian], [AllowedDataRecorder], [AllowedAdministrator]) VALUES (N'RAD1003', N'Ultrahang (2D, 3D, magzati, magzati 4D, hasi, izületi, stb.)', 1, 1, 1, 1, 1)
INSERT INTO [dbo].[ProcedureTypes] ([Id], [Name], [AllowedDoctor], [AllowedNurse], [AllowedLaboratorian], [AllowedDataRecorder], [AllowedAdministrator]) VALUES (N'RAD1004', N'Doppler ultrahang', 1, 1, 1, 1, 1)
INSERT INTO [dbo].[ProcedureTypes] ([Id], [Name], [AllowedDoctor], [AllowedNurse], [AllowedLaboratorian], [AllowedDataRecorder], [AllowedAdministrator]) VALUES (N'RAD1005', N'CT ', 1, 1, 1, 1, 1)
INSERT INTO [dbo].[ProcedureTypes] ([Id], [Name], [AllowedDoctor], [AllowedNurse], [AllowedLaboratorian], [AllowedDataRecorder], [AllowedAdministrator]) VALUES (N'RAD1006', N'MRI', 1, 1, 1, 1, 1)
INSERT INTO [dbo].[ProcedureTypes] ([Id], [Name], [AllowedDoctor], [AllowedNurse], [AllowedLaboratorian], [AllowedDataRecorder], [AllowedAdministrator]) VALUES (N'RAD1007', N'Izotópvizsgálat', 1, 1, 1, 1, 1)
INSERT INTO [dbo].[ProcedureTypes] ([Id], [Name], [AllowedDoctor], [AllowedNurse], [AllowedLaboratorian], [AllowedDataRecorder], [AllowedAdministrator]) VALUES (N'REU1001', N'röntgen', 1, 1, 1, 1, 1)
INSERT INTO [dbo].[ProcedureTypes] ([Id], [Name], [AllowedDoctor], [AllowedNurse], [AllowedLaboratorian], [AllowedDataRecorder], [AllowedAdministrator]) VALUES (N'REU1002', N'labor vizsgálat', 1, 1, 1, 1, 1)
INSERT INTO [dbo].[ProcedureTypes] ([Id], [Name], [AllowedDoctor], [AllowedNurse], [AllowedLaboratorian], [AllowedDataRecorder], [AllowedAdministrator]) VALUES (N'REU1003', N'konzílium (orvosi tanácskozás)', 1, 1, 1, 1, 1)
INSERT INTO [dbo].[ProcedureTypes] ([Id], [Name], [AllowedDoctor], [AllowedNurse], [AllowedLaboratorian], [AllowedDataRecorder], [AllowedAdministrator]) VALUES (N'REU1004', N'ízületi ultrahang', 1, 1, 1, 1, 1)
INSERT INTO [dbo].[ProcedureTypes] ([Id], [Name], [AllowedDoctor], [AllowedNurse], [AllowedLaboratorian], [AllowedDataRecorder], [AllowedAdministrator]) VALUES (N'REU1005', N'CT', 1, 1, 1, 1, 1)
INSERT INTO [dbo].[ProcedureTypes] ([Id], [Name], [AllowedDoctor], [AllowedNurse], [AllowedLaboratorian], [AllowedDataRecorder], [AllowedAdministrator]) VALUES (N'REU1006', N'MR', 1, 1, 1, 1, 1)
INSERT INTO [dbo].[ProcedureTypes] ([Id], [Name], [AllowedDoctor], [AllowedNurse], [AllowedLaboratorian], [AllowedDataRecorder], [AllowedAdministrator]) VALUES (N'REU1007', N'gyógyszeres kezelés (tabletta vagy injekció)', 1, 1, 1, 1, 1)
INSERT INTO [dbo].[ProcedureTypes] ([Id], [Name], [AllowedDoctor], [AllowedNurse], [AllowedLaboratorian], [AllowedDataRecorder], [AllowedAdministrator]) VALUES (N'SEB1001', N'Aranyér gyűrűzés', 1, 1, 1, 1, 1)
INSERT INTO [dbo].[ProcedureTypes] ([Id], [Name], [AllowedDoctor], [AllowedNurse], [AllowedLaboratorian], [AllowedDataRecorder], [AllowedAdministrator]) VALUES (N'SEB1002', N'Aranyér műtét', 1, 1, 1, 1, 1)
INSERT INTO [dbo].[ProcedureTypes] ([Id], [Name], [AllowedDoctor], [AllowedNurse], [AllowedLaboratorian], [AllowedDataRecorder], [AllowedAdministrator]) VALUES (N'SEB1003', N'Benőtt köröm műtéti kezelése', 1, 1, 1, 1, 1)
INSERT INTO [dbo].[ProcedureTypes] ([Id], [Name], [AllowedDoctor], [AllowedNurse], [AllowedLaboratorian], [AllowedDataRecorder], [AllowedAdministrator]) VALUES (N'SEB1004', N'Bőrelváltozások kimetszése ', 1, 1, 1, 1, 1)
INSERT INTO [dbo].[ProcedureTypes] ([Id], [Name], [AllowedDoctor], [AllowedNurse], [AllowedLaboratorian], [AllowedDataRecorder], [AllowedAdministrator]) VALUES (N'SEB1005', N'Diagnosztikus laparoszkópia bakteri vagy szövettani minta vételével', 1, 1, 1, 1, 1)
INSERT INTO [dbo].[ProcedureTypes] ([Id], [Name], [AllowedDoctor], [AllowedNurse], [AllowedLaboratorian], [AllowedDataRecorder], [AllowedAdministrator]) VALUES (N'SEB1006', N'Diagnosztikus végbéltükrözés (rektoszkópia) ', 1, 1, 1, 1, 1)
INSERT INTO [dbo].[ProcedureTypes] ([Id], [Name], [AllowedDoctor], [AllowedNurse], [AllowedLaboratorian], [AllowedDataRecorder], [AllowedAdministrator]) VALUES (N'SEB1007', N'Égés vagy fertőzés miatti seb kimetszése', 1, 1, 1, 1, 1)
INSERT INTO [dbo].[ProcedureTypes] ([Id], [Name], [AllowedDoctor], [AllowedNurse], [AllowedLaboratorian], [AllowedDataRecorder], [AllowedAdministrator]) VALUES (N'SEB1008', N'Emlő és a hónalji nyirokcsomók sebészeti eltávolítása', 1, 1, 1, 1, 1)
INSERT INTO [dbo].[ProcedureTypes] ([Id], [Name], [AllowedDoctor], [AllowedNurse], [AllowedLaboratorian], [AllowedDataRecorder], [AllowedAdministrator]) VALUES (N'SEB1009', N'Emlő sebészeti eltávolítása', 1, 1, 1, 1, 1)
INSERT INTO [dbo].[ProcedureTypes] ([Id], [Name], [AllowedDoctor], [AllowedNurse], [AllowedLaboratorian], [AllowedDataRecorder], [AllowedAdministrator]) VALUES (N'SEB1010', N'Emlőből daganat, csomó eltávolítása', 1, 1, 1, 1, 1)
INSERT INTO [dbo].[ProcedureTypes] ([Id], [Name], [AllowedDoctor], [AllowedNurse], [AllowedLaboratorian], [AllowedDataRecorder], [AllowedAdministrator]) VALUES (N'SEB1011', N'Epehólyag eltávolító műtét laparotomiával, vagy laparoszkóppal', 1, 1, 1, 1, 1)
INSERT INTO [dbo].[ProcedureTypes] ([Id], [Name], [AllowedDoctor], [AllowedNurse], [AllowedLaboratorian], [AllowedDataRecorder], [AllowedAdministrator]) VALUES (N'SEB1012', N'Fenékvájati tályog eltávolítás (sinus pilonidalis)', 1, 1, 1, 1, 1)
INSERT INTO [dbo].[ProcedureTypes] ([Id], [Name], [AllowedDoctor], [AllowedNurse], [AllowedLaboratorian], [AllowedDataRecorder], [AllowedAdministrator]) VALUES (N'SEB1013', N'Féregnyúlvány eltávolítás laparotomiával (hasi műtéttel)', 1, 1, 1, 1, 1)
INSERT INTO [dbo].[ProcedureTypes] ([Id], [Name], [AllowedDoctor], [AllowedNurse], [AllowedLaboratorian], [AllowedDataRecorder], [AllowedAdministrator]) VALUES (N'SEB1014', N'Here vízsérv (hydrokele) műtét', 1, 1, 1, 1, 1)
INSERT INTO [dbo].[ProcedureTypes] ([Id], [Name], [AllowedDoctor], [AllowedNurse], [AllowedLaboratorian], [AllowedDataRecorder], [AllowedAdministrator]) VALUES (N'SEB1015', N'Laparoszkópos féregnyúlvány eltávolítás (hasüregi tükrözés)', 1, 1, 1, 1, 1)
INSERT INTO [dbo].[ProcedureTypes] ([Id], [Name], [AllowedDoctor], [AllowedNurse], [AllowedLaboratorian], [AllowedDataRecorder], [AllowedAdministrator]) VALUES (N'SEB1016', N'Laparoszkópos gyomorszáj záróizom bemetszés (cardyomiotomia)', 1, 1, 1, 1, 1)
INSERT INTO [dbo].[ProcedureTypes] ([Id], [Name], [AllowedDoctor], [AllowedNurse], [AllowedLaboratorian], [AllowedDataRecorder], [AllowedAdministrator]) VALUES (N'SEB1017', N'Laparoszkópos gyomorszájredő képzés (fundoplicatio) ', 1, 1, 1, 1, 1)
INSERT INTO [dbo].[ProcedureTypes] ([Id], [Name], [AllowedDoctor], [AllowedNurse], [AllowedLaboratorian], [AllowedDataRecorder], [AllowedAdministrator]) VALUES (N'SEB1018', N'Laparoszkóppal asszisztált vékonybélszakasz eltávolítás', 1, 1, 1, 1, 1)
INSERT INTO [dbo].[ProcedureTypes] ([Id], [Name], [AllowedDoctor], [AllowedNurse], [AllowedLaboratorian], [AllowedDataRecorder], [AllowedAdministrator]) VALUES (N'SEB1019', N'Laparoszkóppal hasi összenövések oldása (adheziolízis)', 1, 1, 1, 1, 1)
INSERT INTO [dbo].[ProcedureTypes] ([Id], [Name], [AllowedDoctor], [AllowedNurse], [AllowedLaboratorian], [AllowedDataRecorder], [AllowedAdministrator]) VALUES (N'SEB1020', N'Laparoszkópos lép eltávolítás', 1, 1, 1, 1, 1)
INSERT INTO [dbo].[ProcedureTypes] ([Id], [Name], [AllowedDoctor], [AllowedNurse], [AllowedLaboratorian], [AllowedDataRecorder], [AllowedAdministrator]) VALUES (N'SEB1021', N'Laparoszkópos mellékveseműtét (hasüregi tükrözés)', 1, 1, 1, 1, 1)
INSERT INTO [dbo].[ProcedureTypes] ([Id], [Name], [AllowedDoctor], [AllowedNurse], [AllowedLaboratorian], [AllowedDataRecorder], [AllowedAdministrator]) VALUES (N'SEB1022', N'Laparoszkópos rectopexia (végbélrögzítés, hasüregi tükrözés)', 1, 1, 1, 1, 1)
INSERT INTO [dbo].[ProcedureTypes] ([Id], [Name], [AllowedDoctor], [AllowedNurse], [AllowedLaboratorian], [AllowedDataRecorder], [AllowedAdministrator]) VALUES (N'SEB1023', N'Laparoszkópos rekeszizom műtét (hasüregi tükrözés)', 1, 1, 1, 1, 1)
INSERT INTO [dbo].[ProcedureTypes] ([Id], [Name], [AllowedDoctor], [AllowedNurse], [AllowedLaboratorian], [AllowedDataRecorder], [AllowedAdministrator]) VALUES (N'SEB1024', N'Laparoszkópos lágyéksérv műtét', 1, 1, 1, 1, 1)
INSERT INTO [dbo].[ProcedureTypes] ([Id], [Name], [AllowedDoctor], [AllowedNurse], [AllowedLaboratorian], [AllowedDataRecorder], [AllowedAdministrator]) VALUES (N'SEB1025', N'Lép eltávolítás laparotomiával (hasfali metszés)', 1, 1, 1, 1, 1)
INSERT INTO [dbo].[ProcedureTypes] ([Id], [Name], [AllowedDoctor], [AllowedNurse], [AllowedLaboratorian], [AllowedDataRecorder], [AllowedAdministrator]) VALUES (N'SEB1026', N'Máj ciszta eltávolítás', 1, 1, 1, 1, 1)
INSERT INTO [dbo].[ProcedureTypes] ([Id], [Name], [AllowedDoctor], [AllowedNurse], [AllowedLaboratorian], [AllowedDataRecorder], [AllowedAdministrator]) VALUES (N'SEB1027', N'Mellékpajzsmirigy műtétek ', 1, 1, 1, 1, 1)
INSERT INTO [dbo].[ProcedureTypes] ([Id], [Name], [AllowedDoctor], [AllowedNurse], [AllowedLaboratorian], [AllowedDataRecorder], [AllowedAdministrator]) VALUES (N'SEB1028', N'Nyirokcsomó kimetszése', 1, 1, 1, 1, 1)
INSERT INTO [dbo].[ProcedureTypes] ([Id], [Name], [AllowedDoctor], [AllowedNurse], [AllowedLaboratorian], [AllowedDataRecorder], [AllowedAdministrator]) VALUES (N'SEB1029', N'Pajzsmirigy eltávolítása - részleges', 1, 1, 1, 1, 1)
INSERT INTO [dbo].[ProcedureTypes] ([Id], [Name], [AllowedDoctor], [AllowedNurse], [AllowedLaboratorian], [AllowedDataRecorder], [AllowedAdministrator]) VALUES (N'SEB1030', N'Pajzsmirigy eltávolítása - teljes', 1, 1, 1, 1, 1)
INSERT INTO [dbo].[ProcedureTypes] ([Id], [Name], [AllowedDoctor], [AllowedNurse], [AllowedLaboratorian], [AllowedDataRecorder], [AllowedAdministrator]) VALUES (N'SEB1031', N'Perifériás véna vérrögének eltávolítása', 1, 1, 1, 1, 1)
INSERT INTO [dbo].[ProcedureTypes] ([Id], [Name], [AllowedDoctor], [AllowedNurse], [AllowedLaboratorian], [AllowedDataRecorder], [AllowedAdministrator]) VALUES (N'SEB1032', N'Sérvműtét egyoldali, kétoldali (lágyék, köldök, hasfali)', 1, 1, 1, 1, 1)
INSERT INTO [dbo].[ProcedureTypes] ([Id], [Name], [AllowedDoctor], [AllowedNurse], [AllowedLaboratorian], [AllowedDataRecorder], [AllowedAdministrator]) VALUES (N'SEB1033', N'Sérvműtét egyoldali, kétoldali - hálóbeültetéssel (lágyék, köldök, hasfali)', 1, 1, 1, 1, 1)
INSERT INTO [dbo].[ProcedureTypes] ([Id], [Name], [AllowedDoctor], [AllowedNurse], [AllowedLaboratorian], [AllowedDataRecorder], [AllowedAdministrator]) VALUES (N'SEB1034', N'Sérvműtét egyoldali endoszkópos (lágyék, köldök, hasfali)', 1, 1, 1, 1, 1)
INSERT INTO [dbo].[ProcedureTypes] ([Id], [Name], [AllowedDoctor], [AllowedNurse], [AllowedLaboratorian], [AllowedDataRecorder], [AllowedAdministrator]) VALUES (N'SEB1035', N'Sérvműtét kétoldali endoszkópos (lágyék, köldök, hasfali)', 1, 1, 1, 1, 1)
INSERT INTO [dbo].[ProcedureTypes] ([Id], [Name], [AllowedDoctor], [AllowedNurse], [AllowedLaboratorian], [AllowedDataRecorder], [AllowedAdministrator]) VALUES (N'SEB1036', N'Laparoscopos vastagbél műtét (hasüregi tükrözés)', 1, 1, 1, 1, 1)
INSERT INTO [dbo].[ProcedureTypes] ([Id], [Name], [AllowedDoctor], [AllowedNurse], [AllowedLaboratorian], [AllowedDataRecorder], [AllowedAdministrator]) VALUES (N'SEB1037', N'Tyúkszem (klavus) kimetszés', 1, 1, 1, 1, 1)
INSERT INTO [dbo].[ProcedureTypes] ([Id], [Name], [AllowedDoctor], [AllowedNurse], [AllowedLaboratorian], [AllowedDataRecorder], [AllowedAdministrator]) VALUES (N'SEB1038', N'Vastagbél eltávolítás laparotómiából (hasfali metszés) ', 1, 1, 1, 1, 1)
INSERT INTO [dbo].[ProcedureTypes] ([Id], [Name], [AllowedDoctor], [AllowedNurse], [AllowedLaboratorian], [AllowedDataRecorder], [AllowedAdministrator]) VALUES (N'SEB1039', N'Vastagbél polipektómia vastagbéltükrözés (colonoscopia) során', 1, 1, 1, 1, 1)
INSERT INTO [dbo].[ProcedureTypes] ([Id], [Name], [AllowedDoctor], [AllowedNurse], [AllowedLaboratorian], [AllowedDataRecorder], [AllowedAdministrator]) VALUES (N'SEB1040', N'Végbél eltávolítása', 1, 1, 1, 1, 1)
INSERT INTO [dbo].[ProcedureTypes] ([Id], [Name], [AllowedDoctor], [AllowedNurse], [AllowedLaboratorian], [AllowedDataRecorder], [AllowedAdministrator]) VALUES (N'SEB1041', N'Végbélnyílás tágítása', 1, 1, 1, 1, 1)
INSERT INTO [dbo].[ProcedureTypes] ([Id], [Name], [AllowedDoctor], [AllowedNurse], [AllowedLaboratorian], [AllowedDataRecorder], [AllowedAdministrator]) VALUES (N'SEB1042', N'Végbélnyílás záróizmának oldalsó, részleges átmetszése', 1, 1, 1, 1, 1)
INSERT INTO [dbo].[ProcedureTypes] ([Id], [Name], [AllowedDoctor], [AllowedNurse], [AllowedLaboratorian], [AllowedDataRecorder], [AllowedAdministrator]) VALUES (N'SEB1043', N'Végbélsipoly, végbélrepedés, végbéltályog', 1, 1, 1, 1, 1)
INSERT INTO [dbo].[ProcedureTypes] ([Id], [Name], [AllowedDoctor], [AllowedNurse], [AllowedLaboratorian], [AllowedDataRecorder], [AllowedAdministrator]) VALUES (N'SEB1044', N'Visszér műtét – egyoldali és kétoldali', 1, 1, 1, 1, 1)
INSERT INTO [dbo].[ProcedureTypes] ([Id], [Name], [AllowedDoctor], [AllowedNurse], [AllowedLaboratorian], [AllowedDataRecorder], [AllowedAdministrator]) VALUES (N'SEB1045', N'Zsírdaganat, kásadaganat, függöly sebészi eltávolítása', 1, 1, 1, 1, 1)
INSERT INTO [dbo].[ProcedureTypes] ([Id], [Name], [AllowedDoctor], [AllowedNurse], [AllowedLaboratorian], [AllowedDataRecorder], [AllowedAdministrator]) VALUES (N'SZE1001', N'szemnyomás mérés', 1, 1, 1, 1, 1)
INSERT INTO [dbo].[ProcedureTypes] ([Id], [Name], [AllowedDoctor], [AllowedNurse], [AllowedLaboratorian], [AllowedDataRecorder], [AllowedAdministrator]) VALUES (N'SZE1002', N'fénytörési állapot vizsgálat', 1, 1, 1, 1, 1)
INSERT INTO [dbo].[ProcedureTypes] ([Id], [Name], [AllowedDoctor], [AllowedNurse], [AllowedLaboratorian], [AllowedDataRecorder], [AllowedAdministrator]) VALUES (N'SZE1003', N'közeli-, távoli látoélesség vizsgálat', 1, 1, 1, 1, 1)
INSERT INTO [dbo].[ProcedureTypes] ([Id], [Name], [AllowedDoctor], [AllowedNurse], [AllowedLaboratorian], [AllowedDataRecorder], [AllowedAdministrator]) VALUES (N'SZE1004', N'szemfenék állapot vizsgálat', 1, 1, 1, 1, 1)
INSERT INTO [dbo].[ProcedureTypes] ([Id], [Name], [AllowedDoctor], [AllowedNurse], [AllowedLaboratorian], [AllowedDataRecorder], [AllowedAdministrator]) VALUES (N'SZE1005', N'színlátás vizsgálat', 1, 1, 1, 1, 1)
INSERT INTO [dbo].[ProcedureTypes] ([Id], [Name], [AllowedDoctor], [AllowedNurse], [AllowedLaboratorian], [AllowedDataRecorder], [AllowedAdministrator]) VALUES (N'SZE1006', N'kétszemes együttlátás vizsgálat', 1, 1, 1, 1, 1)
INSERT INTO [dbo].[ProcedureTypes] ([Id], [Name], [AllowedDoctor], [AllowedNurse], [AllowedLaboratorian], [AllowedDataRecorder], [AllowedAdministrator]) VALUES (N'SZO1001', N'Poliszomnográfia: Kiterjesztett éjszakai alvásvizsgálat', 1, 1, 1, 1, 1)
INSERT INTO [dbo].[ProcedureTypes] ([Id], [Name], [AllowedDoctor], [AllowedNurse], [AllowedLaboratorian], [AllowedDataRecorder], [AllowedAdministrator]) VALUES (N'SZO1002', N'Poligráfia: alvás alatti légzés vizsgálata', 1, 1, 1, 1, 1)
INSERT INTO [dbo].[ProcedureTypes] ([Id], [Name], [AllowedDoctor], [AllowedNurse], [AllowedLaboratorian], [AllowedDataRecorder], [AllowedAdministrator]) VALUES (N'URO1001', N'Fityma sejtes letapadásának felszabadítása', 1, 1, 1, 1, 1)
INSERT INTO [dbo].[ProcedureTypes] ([Id], [Name], [AllowedDoctor], [AllowedNurse], [AllowedLaboratorian], [AllowedDataRecorder], [AllowedAdministrator]) VALUES (N'URO1002', N'Fitymaszűkület miatti egyéb műtét (dorsal incisio)', 1, 1, 1, 1, 1)
INSERT INTO [dbo].[ProcedureTypes] ([Id], [Name], [AllowedDoctor], [AllowedNurse], [AllowedLaboratorian], [AllowedDataRecorder], [AllowedAdministrator]) VALUES (N'URO1003', N'Hasban visszamaradt here feltárása', 1, 1, 1, 1, 1)
INSERT INTO [dbo].[ProcedureTypes] ([Id], [Name], [AllowedDoctor], [AllowedNurse], [AllowedLaboratorian], [AllowedDataRecorder], [AllowedAdministrator]) VALUES (N'URO1004', N'Here eltávolítása (castratio, semicastratio)', 1, 1, 1, 1, 1)
INSERT INTO [dbo].[ProcedureTypes] ([Id], [Name], [AllowedDoctor], [AllowedNurse], [AllowedLaboratorian], [AllowedDataRecorder], [AllowedAdministrator]) VALUES (N'URO1005', N'Here rögzítése', 1, 1, 1, 1, 1)
INSERT INTO [dbo].[ProcedureTypes] ([Id], [Name], [AllowedDoctor], [AllowedNurse], [AllowedLaboratorian], [AllowedDataRecorder], [AllowedAdministrator]) VALUES (N'URO1006', N'Here visszérsérv (varicokele) műtét', 1, 1, 1, 1, 1)
INSERT INTO [dbo].[ProcedureTypes] ([Id], [Name], [AllowedDoctor], [AllowedNurse], [AllowedLaboratorian], [AllowedDataRecorder], [AllowedAdministrator]) VALUES (N'URO1007', N'Here vízsérv (hydrokele)', 1, 1, 1, 1, 1)
INSERT INTO [dbo].[ProcedureTypes] ([Id], [Name], [AllowedDoctor], [AllowedNurse], [AllowedLaboratorian], [AllowedDataRecorder], [AllowedAdministrator]) VALUES (N'URO1008', N'Húgycső endoszkópos bemetszése', 1, 1, 1, 1, 1)
INSERT INTO [dbo].[ProcedureTypes] ([Id], [Name], [AllowedDoctor], [AllowedNurse], [AllowedLaboratorian], [AllowedDataRecorder], [AllowedAdministrator]) VALUES (N'URO1009', N'Húgycsőnyílás bemetszése', 1, 1, 1, 1, 1)
INSERT INTO [dbo].[ProcedureTypes] ([Id], [Name], [AllowedDoctor], [AllowedNurse], [AllowedLaboratorian], [AllowedDataRecorder], [AllowedAdministrator]) VALUES (N'URO1010', N'Húgycsövön keresztüli hólyagtumor eltávolítás', 1, 1, 1, 1, 1)
INSERT INTO [dbo].[ProcedureTypes] ([Id], [Name], [AllowedDoctor], [AllowedNurse], [AllowedLaboratorian], [AllowedDataRecorder], [AllowedAdministrator]) VALUES (N'URO1011', N'Húgycsövön keresztül a vesevezeték szájadékának bemetszése', 1, 1, 1, 1, 1)
INSERT INTO [dbo].[ProcedureTypes] ([Id], [Name], [AllowedDoctor], [AllowedNurse], [AllowedLaboratorian], [AllowedDataRecorder], [AllowedAdministrator]) VALUES (N'URO1012', N'Húgyhólyag biopszia', 1, 1, 1, 1, 1)
INSERT INTO [dbo].[ProcedureTypes] ([Id], [Name], [AllowedDoctor], [AllowedNurse], [AllowedLaboratorian], [AllowedDataRecorder], [AllowedAdministrator]) VALUES (N'URO1013', N'Húgyhólyag tükrözés', 1, 1, 1, 1, 1)
INSERT INTO [dbo].[ProcedureTypes] ([Id], [Name], [AllowedDoctor], [AllowedNurse], [AllowedLaboratorian], [AllowedDataRecorder], [AllowedAdministrator]) VALUES (N'URO1014', N'Húgyúti kövek endoszkópos eltávolítása', 1, 1, 1, 1, 1)
INSERT INTO [dbo].[ProcedureTypes] ([Id], [Name], [AllowedDoctor], [AllowedNurse], [AllowedLaboratorian], [AllowedDataRecorder], [AllowedAdministrator]) VALUES (N'URO1015', N'Húgyúti kövek sebészi feltárásból történő eltávolítása', 1, 1, 1, 1, 1)
INSERT INTO [dbo].[ProcedureTypes] ([Id], [Name], [AllowedDoctor], [AllowedNurse], [AllowedLaboratorian], [AllowedDataRecorder], [AllowedAdministrator]) VALUES (N'URO1016', N'Körülmetélés (Circumcisio)', 1, 1, 1, 1, 1)
INSERT INTO [dbo].[ProcedureTypes] ([Id], [Name], [AllowedDoctor], [AllowedNurse], [AllowedLaboratorian], [AllowedDataRecorder], [AllowedAdministrator]) VALUES (N'URO1017', N'Laparoszkópos véna spermatika interna lekötés', 1, 1, 1, 1, 1)
INSERT INTO [dbo].[ProcedureTypes] ([Id], [Name], [AllowedDoctor], [AllowedNurse], [AllowedLaboratorian], [AllowedDataRecorder], [AllowedAdministrator]) VALUES (N'URO1018', N'Mellékhere ciszta eltávolítása', 1, 1, 1, 1, 1)
INSERT INTO [dbo].[ProcedureTypes] ([Id], [Name], [AllowedDoctor], [AllowedNurse], [AllowedLaboratorian], [AllowedDataRecorder], [AllowedAdministrator]) VALUES (N'URO1019', N'Pénisz protézis implantáció (implantátum nélkül)', 1, 1, 1, 1, 1)
INSERT INTO [dbo].[ProcedureTypes] ([Id], [Name], [AllowedDoctor], [AllowedNurse], [AllowedLaboratorian], [AllowedDataRecorder], [AllowedAdministrator]) VALUES (N'URO1020', N'Percutan kőeltávolítás veséből', 1, 1, 1, 1, 1)
INSERT INTO [dbo].[ProcedureTypes] ([Id], [Name], [AllowedDoctor], [AllowedNurse], [AllowedLaboratorian], [AllowedDataRecorder], [AllowedAdministrator]) VALUES (N'URO1021', N'Prosztata biopszia', 1, 1, 1, 1, 1)
INSERT INTO [dbo].[ProcedureTypes] ([Id], [Name], [AllowedDoctor], [AllowedNurse], [AllowedLaboratorian], [AllowedDataRecorder], [AllowedAdministrator]) VALUES (N'URO1022', N'Rövid kantár (fitymafék) átvágás', 1, 1, 1, 1, 1)
INSERT INTO [dbo].[ProcedureTypes] ([Id], [Name], [AllowedDoctor], [AllowedNurse], [AllowedLaboratorian], [AllowedDataRecorder], [AllowedAdministrator]) VALUES (N'URO1023', N'Sterilizáció férfiaknál (vasectomia)', 1, 1, 1, 1, 1)
INSERT INTO [dbo].[ProcedureTypes] ([Id], [Name], [AllowedDoctor], [AllowedNurse], [AllowedLaboratorian], [AllowedDataRecorder], [AllowedAdministrator]) VALUES (N'URO1024', N'TURP - Húgycsövön keresztüli prosztata eltávolítás', 1, 1, 1, 1, 1)
INSERT INTO [dbo].[ProcedureTypes] ([Id], [Name], [AllowedDoctor], [AllowedNurse], [AllowedLaboratorian], [AllowedDataRecorder], [AllowedAdministrator]) VALUES (N'URO1025', N'Ultrahangos kőzúzás (ESWL)', 1, 1, 1, 1, 1)
INSERT INTO [dbo].[ProcedureTypes] ([Id], [Name], [AllowedDoctor], [AllowedNurse], [AllowedLaboratorian], [AllowedDataRecorder], [AllowedAdministrator]) VALUES (N'URO1026', N'Veseciszta leszívás és szklerotizálás (UH vezérelt)', 1, 1, 1, 1, 1)
INSERT INTO [dbo].[ProcedureTypes] ([Id], [Name], [AllowedDoctor], [AllowedNurse], [AllowedLaboratorian], [AllowedDataRecorder], [AllowedAdministrator]) VALUES (N'URO1027', N'Veseciszta eltávolítása laparoszkóppal', 1, 1, 1, 1, 1)
INSERT INTO [dbo].[ProcedureTypes] ([Id], [Name], [AllowedDoctor], [AllowedNurse], [AllowedLaboratorian], [AllowedDataRecorder], [AllowedAdministrator]) VALUES (N'URO1028', N'Veseeltávolítás egyoldali laparoszkópos', 1, 1, 1, 1, 1)
INSERT INTO [dbo].[ProcedureTypes] ([Id], [Name], [AllowedDoctor], [AllowedNurse], [AllowedLaboratorian], [AllowedDataRecorder], [AllowedAdministrator]) VALUES (N'URO1029', N'Veseeltávolítás egyoldali laparotomiából', 1, 1, 1, 1, 1)
===========================================================================================================================
INSERT INTO [dbo].[ProcedureTypeWards] ([ProcedureType_Id], [Ward_Id]) VALUES (N'ALR1001', 2)
INSERT INTO [dbo].[ProcedureTypeWards] ([ProcedureType_Id], [Ward_Id]) VALUES (N'ALR1002', 2)
INSERT INTO [dbo].[ProcedureTypeWards] ([ProcedureType_Id], [Ward_Id]) VALUES (N'ALR1003', 2)
INSERT INTO [dbo].[ProcedureTypeWards] ([ProcedureType_Id], [Ward_Id]) VALUES (N'ALR1004', 2)
INSERT INTO [dbo].[ProcedureTypeWards] ([ProcedureType_Id], [Ward_Id]) VALUES (N'ALR1005', 2)
INSERT INTO [dbo].[ProcedureTypeWards] ([ProcedureType_Id], [Ward_Id]) VALUES (N'ALR1006', 2)
INSERT INTO [dbo].[ProcedureTypeWards] ([ProcedureType_Id], [Ward_Id]) VALUES (N'ALR1007', 2)
INSERT INTO [dbo].[ProcedureTypeWards] ([ProcedureType_Id], [Ward_Id]) VALUES (N'ALT001', 2)
INSERT INTO [dbo].[ProcedureTypeWards] ([ProcedureType_Id], [Ward_Id]) VALUES (N'ALT001', 3)
INSERT INTO [dbo].[ProcedureTypeWards] ([ProcedureType_Id], [Ward_Id]) VALUES (N'ANE1001', 3)
INSERT INTO [dbo].[ProcedureTypeWards] ([ProcedureType_Id], [Ward_Id]) VALUES (N'ANE1002', 3)
INSERT INTO [dbo].[ProcedureTypeWards] ([ProcedureType_Id], [Ward_Id]) VALUES (N'ANE1003', 3)
INSERT INTO [dbo].[ProcedureTypeWards] ([ProcedureType_Id], [Ward_Id]) VALUES (N'ANE1004', 3)
INSERT INTO [dbo].[ProcedureTypeWards] ([ProcedureType_Id], [Ward_Id]) VALUES (N'ALT001', 4)
INSERT INTO [dbo].[ProcedureTypeWards] ([ProcedureType_Id], [Ward_Id]) VALUES (N'BEL1001', 4)
INSERT INTO [dbo].[ProcedureTypeWards] ([ProcedureType_Id], [Ward_Id]) VALUES (N'BEL1002', 4)
INSERT INTO [dbo].[ProcedureTypeWards] ([ProcedureType_Id], [Ward_Id]) VALUES (N'BEL1003', 4)
INSERT INTO [dbo].[ProcedureTypeWards] ([ProcedureType_Id], [Ward_Id]) VALUES (N'ALT001', 5)
INSERT INTO [dbo].[ProcedureTypeWards] ([ProcedureType_Id], [Ward_Id]) VALUES (N'BGY1001', 5)
INSERT INTO [dbo].[ProcedureTypeWards] ([ProcedureType_Id], [Ward_Id]) VALUES (N'BGY1002', 5)
INSERT INTO [dbo].[ProcedureTypeWards] ([ProcedureType_Id], [Ward_Id]) VALUES (N'BGY1003', 5)
INSERT INTO [dbo].[ProcedureTypeWards] ([ProcedureType_Id], [Ward_Id]) VALUES (N'BGY1004', 5)
INSERT INTO [dbo].[ProcedureTypeWards] ([ProcedureType_Id], [Ward_Id]) VALUES (N'BGY1005', 5)
INSERT INTO [dbo].[ProcedureTypeWards] ([ProcedureType_Id], [Ward_Id]) VALUES (N'BGY1006', 5)
INSERT INTO [dbo].[ProcedureTypeWards] ([ProcedureType_Id], [Ward_Id]) VALUES (N'BGY1007', 5)
INSERT INTO [dbo].[ProcedureTypeWards] ([ProcedureType_Id], [Ward_Id]) VALUES (N'BGY1008', 5)
INSERT INTO [dbo].[ProcedureTypeWards] ([ProcedureType_Id], [Ward_Id]) VALUES (N'ALT001', 6)
INSERT INTO [dbo].[ProcedureTypeWards] ([ProcedureType_Id], [Ward_Id]) VALUES (N'DIA1001', 6)
INSERT INTO [dbo].[ProcedureTypeWards] ([ProcedureType_Id], [Ward_Id]) VALUES (N'DIA1002', 6)
INSERT INTO [dbo].[ProcedureTypeWards] ([ProcedureType_Id], [Ward_Id]) VALUES (N'DIA1003', 6)
INSERT INTO [dbo].[ProcedureTypeWards] ([ProcedureType_Id], [Ward_Id]) VALUES (N'DIA1004', 6)
INSERT INTO [dbo].[ProcedureTypeWards] ([ProcedureType_Id], [Ward_Id]) VALUES (N'ALT001', 7)
INSERT INTO [dbo].[ProcedureTypeWards] ([ProcedureType_Id], [Ward_Id]) VALUES (N'DIE1001', 7)
INSERT INTO [dbo].[ProcedureTypeWards] ([ProcedureType_Id], [Ward_Id]) VALUES (N'ALT001', 8)
INSERT INTO [dbo].[ProcedureTypeWards] ([ProcedureType_Id], [Ward_Id]) VALUES (N'END1001', 8)
INSERT INTO [dbo].[ProcedureTypeWards] ([ProcedureType_Id], [Ward_Id]) VALUES (N'END1002', 8)
INSERT INTO [dbo].[ProcedureTypeWards] ([ProcedureType_Id], [Ward_Id]) VALUES (N'END1003', 8)
INSERT INTO [dbo].[ProcedureTypeWards] ([ProcedureType_Id], [Ward_Id]) VALUES (N'END1004', 8)
INSERT INTO [dbo].[ProcedureTypeWards] ([ProcedureType_Id], [Ward_Id]) VALUES (N'END2001', 8)
INSERT INTO [dbo].[ProcedureTypeWards] ([ProcedureType_Id], [Ward_Id]) VALUES (N'END2002', 8)
INSERT INTO [dbo].[ProcedureTypeWards] ([ProcedureType_Id], [Ward_Id]) VALUES (N'END3001', 8)
INSERT INTO [dbo].[ProcedureTypeWards] ([ProcedureType_Id], [Ward_Id]) VALUES (N'END3002', 8)
INSERT INTO [dbo].[ProcedureTypeWards] ([ProcedureType_Id], [Ward_Id]) VALUES (N'END3003', 8)
INSERT INTO [dbo].[ProcedureTypeWards] ([ProcedureType_Id], [Ward_Id]) VALUES (N'ALT001', 9)
INSERT INTO [dbo].[ProcedureTypeWards] ([ProcedureType_Id], [Ward_Id]) VALUES (N'ERS1001', 9)
INSERT INTO [dbo].[ProcedureTypeWards] ([ProcedureType_Id], [Ward_Id]) VALUES (N'ERS1002', 9)
INSERT INTO [dbo].[ProcedureTypeWards] ([ProcedureType_Id], [Ward_Id]) VALUES (N'ERS1003', 9)
INSERT INTO [dbo].[ProcedureTypeWards] ([ProcedureType_Id], [Ward_Id]) VALUES (N'ERS1004', 9)
INSERT INTO [dbo].[ProcedureTypeWards] ([ProcedureType_Id], [Ward_Id]) VALUES (N'ERS1005', 9)
INSERT INTO [dbo].[ProcedureTypeWards] ([ProcedureType_Id], [Ward_Id]) VALUES (N'ERS1006', 9)
INSERT INTO [dbo].[ProcedureTypeWards] ([ProcedureType_Id], [Ward_Id]) VALUES (N'ERS1007', 9)
INSERT INTO [dbo].[ProcedureTypeWards] ([ProcedureType_Id], [Ward_Id]) VALUES (N'ERS1008', 9)
INSERT INTO [dbo].[ProcedureTypeWards] ([ProcedureType_Id], [Ward_Id]) VALUES (N'ERS1009', 9)
INSERT INTO [dbo].[ProcedureTypeWards] ([ProcedureType_Id], [Ward_Id]) VALUES (N'ALT001', 10)
INSERT INTO [dbo].[ProcedureTypeWards] ([ProcedureType_Id], [Ward_Id]) VALUES (N'FOG1001', 10)
INSERT INTO [dbo].[ProcedureTypeWards] ([ProcedureType_Id], [Ward_Id]) VALUES (N'FOG1002', 10)
INSERT INTO [dbo].[ProcedureTypeWards] ([ProcedureType_Id], [Ward_Id]) VALUES (N'FOG1003', 10)
INSERT INTO [dbo].[ProcedureTypeWards] ([ProcedureType_Id], [Ward_Id]) VALUES (N'FOG1004', 10)
INSERT INTO [dbo].[ProcedureTypeWards] ([ProcedureType_Id], [Ward_Id]) VALUES (N'FOG1005', 10)
INSERT INTO [dbo].[ProcedureTypeWards] ([ProcedureType_Id], [Ward_Id]) VALUES (N'FOG1006', 10)
INSERT INTO [dbo].[ProcedureTypeWards] ([ProcedureType_Id], [Ward_Id]) VALUES (N'FOG1007', 10)
INSERT INTO [dbo].[ProcedureTypeWards] ([ProcedureType_Id], [Ward_Id]) VALUES (N'FOG1008', 10)
INSERT INTO [dbo].[ProcedureTypeWards] ([ProcedureType_Id], [Ward_Id]) VALUES (N'FOG1009', 10)
INSERT INTO [dbo].[ProcedureTypeWards] ([ProcedureType_Id], [Ward_Id]) VALUES (N'FOG1010', 10)
INSERT INTO [dbo].[ProcedureTypeWards] ([ProcedureType_Id], [Ward_Id]) VALUES (N'FOG1011', 10)
INSERT INTO [dbo].[ProcedureTypeWards] ([ProcedureType_Id], [Ward_Id]) VALUES (N'FOG1012', 10)
INSERT INTO [dbo].[ProcedureTypeWards] ([ProcedureType_Id], [Ward_Id]) VALUES (N'FOG1013', 10)
INSERT INTO [dbo].[ProcedureTypeWards] ([ProcedureType_Id], [Ward_Id]) VALUES (N'FOG1014', 10)
INSERT INTO [dbo].[ProcedureTypeWards] ([ProcedureType_Id], [Ward_Id]) VALUES (N'FOG1015', 10)
INSERT INTO [dbo].[ProcedureTypeWards] ([ProcedureType_Id], [Ward_Id]) VALUES (N'FOG1016', 10)
INSERT INTO [dbo].[ProcedureTypeWards] ([ProcedureType_Id], [Ward_Id]) VALUES (N'FOG1017', 10)
INSERT INTO [dbo].[ProcedureTypeWards] ([ProcedureType_Id], [Ward_Id]) VALUES (N'FOG1018', 10)
INSERT INTO [dbo].[ProcedureTypeWards] ([ProcedureType_Id], [Ward_Id]) VALUES (N'FOG1019', 10)
INSERT INTO [dbo].[ProcedureTypeWards] ([ProcedureType_Id], [Ward_Id]) VALUES (N'FOG1020', 10)
INSERT INTO [dbo].[ProcedureTypeWards] ([ProcedureType_Id], [Ward_Id]) VALUES (N'FOG1021', 10)
INSERT INTO [dbo].[ProcedureTypeWards] ([ProcedureType_Id], [Ward_Id]) VALUES (N'FOG1022', 10)
INSERT INTO [dbo].[ProcedureTypeWards] ([ProcedureType_Id], [Ward_Id]) VALUES (N'FOG1023', 10)
INSERT INTO [dbo].[ProcedureTypeWards] ([ProcedureType_Id], [Ward_Id]) VALUES (N'FOG1024', 10)
INSERT INTO [dbo].[ProcedureTypeWards] ([ProcedureType_Id], [Ward_Id]) VALUES (N'FOG1025', 10)
INSERT INTO [dbo].[ProcedureTypeWards] ([ProcedureType_Id], [Ward_Id]) VALUES (N'FOG1026', 10)
INSERT INTO [dbo].[ProcedureTypeWards] ([ProcedureType_Id], [Ward_Id]) VALUES (N'FOG1027', 10)
INSERT INTO [dbo].[ProcedureTypeWards] ([ProcedureType_Id], [Ward_Id]) VALUES (N'ALT001', 11)
INSERT INTO [dbo].[ProcedureTypeWards] ([ProcedureType_Id], [Ward_Id]) VALUES (N'GSZ1001', 11)
INSERT INTO [dbo].[ProcedureTypeWards] ([ProcedureType_Id], [Ward_Id]) VALUES (N'GSZ1002', 11)
INSERT INTO [dbo].[ProcedureTypeWards] ([ProcedureType_Id], [Ward_Id]) VALUES (N'GSZ1003', 11)
INSERT INTO [dbo].[ProcedureTypeWards] ([ProcedureType_Id], [Ward_Id]) VALUES (N'GSZ2001', 11)
INSERT INTO [dbo].[ProcedureTypeWards] ([ProcedureType_Id], [Ward_Id]) VALUES (N'GSZ2002', 11)
INSERT INTO [dbo].[ProcedureTypeWards] ([ProcedureType_Id], [Ward_Id]) VALUES (N'GSZ2003', 11)
INSERT INTO [dbo].[ProcedureTypeWards] ([ProcedureType_Id], [Ward_Id]) VALUES (N'GSZ3001', 11)
INSERT INTO [dbo].[ProcedureTypeWards] ([ProcedureType_Id], [Ward_Id]) VALUES (N'GSZ3002', 11)
INSERT INTO [dbo].[ProcedureTypeWards] ([ProcedureType_Id], [Ward_Id]) VALUES (N'GSZ4001', 11)
INSERT INTO [dbo].[ProcedureTypeWards] ([ProcedureType_Id], [Ward_Id]) VALUES (N'ALT001', 12)
INSERT INTO [dbo].[ProcedureTypeWards] ([ProcedureType_Id], [Ward_Id]) VALUES (N'IMM1001', 12)
INSERT INTO [dbo].[ProcedureTypeWards] ([ProcedureType_Id], [Ward_Id]) VALUES (N'IMM1002', 12)
INSERT INTO [dbo].[ProcedureTypeWards] ([ProcedureType_Id], [Ward_Id]) VALUES (N'ALT001', 13)
INSERT INTO [dbo].[ProcedureTypeWards] ([ProcedureType_Id], [Ward_Id]) VALUES (N'KRD1001', 13)
INSERT INTO [dbo].[ProcedureTypeWards] ([ProcedureType_Id], [Ward_Id]) VALUES (N'KRD1002', 13)
INSERT INTO [dbo].[ProcedureTypeWards] ([ProcedureType_Id], [Ward_Id]) VALUES (N'KRD1003', 13)
INSERT INTO [dbo].[ProcedureTypeWards] ([ProcedureType_Id], [Ward_Id]) VALUES (N'KRD1004', 13)
INSERT INTO [dbo].[ProcedureTypeWards] ([ProcedureType_Id], [Ward_Id]) VALUES (N'KRD1005', 13)
INSERT INTO [dbo].[ProcedureTypeWards] ([ProcedureType_Id], [Ward_Id]) VALUES (N'KRD1006', 13)
INSERT INTO [dbo].[ProcedureTypeWards] ([ProcedureType_Id], [Ward_Id]) VALUES (N'KRD1007', 13)
INSERT INTO [dbo].[ProcedureTypeWards] ([ProcedureType_Id], [Ward_Id]) VALUES (N'KRD1008', 13)
INSERT INTO [dbo].[ProcedureTypeWards] ([ProcedureType_Id], [Ward_Id]) VALUES (N'KRD1009', 13)
INSERT INTO [dbo].[ProcedureTypeWards] ([ProcedureType_Id], [Ward_Id]) VALUES (N'ALT001', 14)
INSERT INTO [dbo].[ProcedureTypeWards] ([ProcedureType_Id], [Ward_Id]) VALUES (N'NER1001', 14)
INSERT INTO [dbo].[ProcedureTypeWards] ([ProcedureType_Id], [Ward_Id]) VALUES (N'NER1002', 14)
INSERT INTO [dbo].[ProcedureTypeWards] ([ProcedureType_Id], [Ward_Id]) VALUES (N'NER1003', 14)
INSERT INTO [dbo].[ProcedureTypeWards] ([ProcedureType_Id], [Ward_Id]) VALUES (N'NER1004', 14)
INSERT INTO [dbo].[ProcedureTypeWards] ([ProcedureType_Id], [Ward_Id]) VALUES (N'NER1005', 14)
INSERT INTO [dbo].[ProcedureTypeWards] ([ProcedureType_Id], [Ward_Id]) VALUES (N'NER2001', 14)
INSERT INTO [dbo].[ProcedureTypeWards] ([ProcedureType_Id], [Ward_Id]) VALUES (N'NER2002', 14)
INSERT INTO [dbo].[ProcedureTypeWards] ([ProcedureType_Id], [Ward_Id]) VALUES (N'ALT001', 15)
INSERT INTO [dbo].[ProcedureTypeWards] ([ProcedureType_Id], [Ward_Id]) VALUES (N'NGY1001', 15)
INSERT INTO [dbo].[ProcedureTypeWards] ([ProcedureType_Id], [Ward_Id]) VALUES (N'NGY1002', 15)
INSERT INTO [dbo].[ProcedureTypeWards] ([ProcedureType_Id], [Ward_Id]) VALUES (N'NGY1003', 15)
INSERT INTO [dbo].[ProcedureTypeWards] ([ProcedureType_Id], [Ward_Id]) VALUES (N'NGY1004', 15)
INSERT INTO [dbo].[ProcedureTypeWards] ([ProcedureType_Id], [Ward_Id]) VALUES (N'NGY1005', 15)
INSERT INTO [dbo].[ProcedureTypeWards] ([ProcedureType_Id], [Ward_Id]) VALUES (N'NGY1006', 15)
INSERT INTO [dbo].[ProcedureTypeWards] ([ProcedureType_Id], [Ward_Id]) VALUES (N'NGY1007', 15)
INSERT INTO [dbo].[ProcedureTypeWards] ([ProcedureType_Id], [Ward_Id]) VALUES (N'NGY1008', 15)
INSERT INTO [dbo].[ProcedureTypeWards] ([ProcedureType_Id], [Ward_Id]) VALUES (N'NGY2001', 15)
INSERT INTO [dbo].[ProcedureTypeWards] ([ProcedureType_Id], [Ward_Id]) VALUES (N'NGY2002', 15)
INSERT INTO [dbo].[ProcedureTypeWards] ([ProcedureType_Id], [Ward_Id]) VALUES (N'NGY2003', 15)
INSERT INTO [dbo].[ProcedureTypeWards] ([ProcedureType_Id], [Ward_Id]) VALUES (N'NGY2004', 15)
INSERT INTO [dbo].[ProcedureTypeWards] ([ProcedureType_Id], [Ward_Id]) VALUES (N'NGY2005', 15)
INSERT INTO [dbo].[ProcedureTypeWards] ([ProcedureType_Id], [Ward_Id]) VALUES (N'NGY3001', 15)
INSERT INTO [dbo].[ProcedureTypeWards] ([ProcedureType_Id], [Ward_Id]) VALUES (N'NGY3002', 15)
INSERT INTO [dbo].[ProcedureTypeWards] ([ProcedureType_Id], [Ward_Id]) VALUES (N'NGY3003', 15)
INSERT INTO [dbo].[ProcedureTypeWards] ([ProcedureType_Id], [Ward_Id]) VALUES (N'NGY3004', 15)
INSERT INTO [dbo].[ProcedureTypeWards] ([ProcedureType_Id], [Ward_Id]) VALUES (N'NGY3005', 15)
INSERT INTO [dbo].[ProcedureTypeWards] ([ProcedureType_Id], [Ward_Id]) VALUES (N'NGY3006', 15)
INSERT INTO [dbo].[ProcedureTypeWards] ([ProcedureType_Id], [Ward_Id]) VALUES (N'NGY3007', 15)
INSERT INTO [dbo].[ProcedureTypeWards] ([ProcedureType_Id], [Ward_Id]) VALUES (N'NGY3008', 15)
INSERT INTO [dbo].[ProcedureTypeWards] ([ProcedureType_Id], [Ward_Id]) VALUES (N'NGY3009', 15)
INSERT INTO [dbo].[ProcedureTypeWards] ([ProcedureType_Id], [Ward_Id]) VALUES (N'NGY3010', 15)
INSERT INTO [dbo].[ProcedureTypeWards] ([ProcedureType_Id], [Ward_Id]) VALUES (N'NGY3011', 15)
INSERT INTO [dbo].[ProcedureTypeWards] ([ProcedureType_Id], [Ward_Id]) VALUES (N'NGY4001', 15)
INSERT INTO [dbo].[ProcedureTypeWards] ([ProcedureType_Id], [Ward_Id]) VALUES (N'NGY4002', 15)
INSERT INTO [dbo].[ProcedureTypeWards] ([ProcedureType_Id], [Ward_Id]) VALUES (N'NGY4003', 15)
INSERT INTO [dbo].[ProcedureTypeWards] ([ProcedureType_Id], [Ward_Id]) VALUES (N'NGY4004', 15)
INSERT INTO [dbo].[ProcedureTypeWards] ([ProcedureType_Id], [Ward_Id]) VALUES (N'NGY4005', 15)
INSERT INTO [dbo].[ProcedureTypeWards] ([ProcedureType_Id], [Ward_Id]) VALUES (N'NGY4006', 15)
INSERT INTO [dbo].[ProcedureTypeWards] ([ProcedureType_Id], [Ward_Id]) VALUES (N'NGY4007', 15)
INSERT INTO [dbo].[ProcedureTypeWards] ([ProcedureType_Id], [Ward_Id]) VALUES (N'NGY4008', 15)
INSERT INTO [dbo].[ProcedureTypeWards] ([ProcedureType_Id], [Ward_Id]) VALUES (N'NGY4009', 15)
INSERT INTO [dbo].[ProcedureTypeWards] ([ProcedureType_Id], [Ward_Id]) VALUES (N'ALT001', 16)
INSERT INTO [dbo].[ProcedureTypeWards] ([ProcedureType_Id], [Ward_Id]) VALUES (N'ORT1001', 16)
INSERT INTO [dbo].[ProcedureTypeWards] ([ProcedureType_Id], [Ward_Id]) VALUES (N'ORT1002', 16)
INSERT INTO [dbo].[ProcedureTypeWards] ([ProcedureType_Id], [Ward_Id]) VALUES (N'ORT1003', 16)
INSERT INTO [dbo].[ProcedureTypeWards] ([ProcedureType_Id], [Ward_Id]) VALUES (N'ORT1004', 16)
INSERT INTO [dbo].[ProcedureTypeWards] ([ProcedureType_Id], [Ward_Id]) VALUES (N'ORT1005', 16)
INSERT INTO [dbo].[ProcedureTypeWards] ([ProcedureType_Id], [Ward_Id]) VALUES (N'ORT1006', 16)
INSERT INTO [dbo].[ProcedureTypeWards] ([ProcedureType_Id], [Ward_Id]) VALUES (N'ORT1007', 16)
INSERT INTO [dbo].[ProcedureTypeWards] ([ProcedureType_Id], [Ward_Id]) VALUES (N'ORT1008', 16)
INSERT INTO [dbo].[ProcedureTypeWards] ([ProcedureType_Id], [Ward_Id]) VALUES (N'ORT1009', 16)
INSERT INTO [dbo].[ProcedureTypeWards] ([ProcedureType_Id], [Ward_Id]) VALUES (N'ORT2001', 16)
INSERT INTO [dbo].[ProcedureTypeWards] ([ProcedureType_Id], [Ward_Id]) VALUES (N'ORT2002', 16)
INSERT INTO [dbo].[ProcedureTypeWards] ([ProcedureType_Id], [Ward_Id]) VALUES (N'ORT2003', 16)
INSERT INTO [dbo].[ProcedureTypeWards] ([ProcedureType_Id], [Ward_Id]) VALUES (N'ORT2004', 16)
INSERT INTO [dbo].[ProcedureTypeWards] ([ProcedureType_Id], [Ward_Id]) VALUES (N'ORT2005', 16)
INSERT INTO [dbo].[ProcedureTypeWards] ([ProcedureType_Id], [Ward_Id]) VALUES (N'ORT3001', 16)
INSERT INTO [dbo].[ProcedureTypeWards] ([ProcedureType_Id], [Ward_Id]) VALUES (N'ORT3002', 16)
INSERT INTO [dbo].[ProcedureTypeWards] ([ProcedureType_Id], [Ward_Id]) VALUES (N'ORT3003', 16)
INSERT INTO [dbo].[ProcedureTypeWards] ([ProcedureType_Id], [Ward_Id]) VALUES (N'ORT3004', 16)
INSERT INTO [dbo].[ProcedureTypeWards] ([ProcedureType_Id], [Ward_Id]) VALUES (N'ORT3005', 16)
INSERT INTO [dbo].[ProcedureTypeWards] ([ProcedureType_Id], [Ward_Id]) VALUES (N'ORT3006', 16)
INSERT INTO [dbo].[ProcedureTypeWards] ([ProcedureType_Id], [Ward_Id]) VALUES (N'ORT3007', 16)
INSERT INTO [dbo].[ProcedureTypeWards] ([ProcedureType_Id], [Ward_Id]) VALUES (N'ORT3008', 16)
INSERT INTO [dbo].[ProcedureTypeWards] ([ProcedureType_Id], [Ward_Id]) VALUES (N'ORT3009', 16)
INSERT INTO [dbo].[ProcedureTypeWards] ([ProcedureType_Id], [Ward_Id]) VALUES (N'ORT3010', 16)
INSERT INTO [dbo].[ProcedureTypeWards] ([ProcedureType_Id], [Ward_Id]) VALUES (N'ORT3011', 16)
INSERT INTO [dbo].[ProcedureTypeWards] ([ProcedureType_Id], [Ward_Id]) VALUES (N'ORT3012', 16)
INSERT INTO [dbo].[ProcedureTypeWards] ([ProcedureType_Id], [Ward_Id]) VALUES (N'ORT3013', 16)
INSERT INTO [dbo].[ProcedureTypeWards] ([ProcedureType_Id], [Ward_Id]) VALUES (N'ORT3014', 16)
INSERT INTO [dbo].[ProcedureTypeWards] ([ProcedureType_Id], [Ward_Id]) VALUES (N'ORT3015', 16)
INSERT INTO [dbo].[ProcedureTypeWards] ([ProcedureType_Id], [Ward_Id]) VALUES (N'ORT3016', 16)
INSERT INTO [dbo].[ProcedureTypeWards] ([ProcedureType_Id], [Ward_Id]) VALUES (N'ORT3017', 16)
INSERT INTO [dbo].[ProcedureTypeWards] ([ProcedureType_Id], [Ward_Id]) VALUES (N'ORT3018', 16)
INSERT INTO [dbo].[ProcedureTypeWards] ([ProcedureType_Id], [Ward_Id]) VALUES (N'ORT3019', 16)
INSERT INTO [dbo].[ProcedureTypeWards] ([ProcedureType_Id], [Ward_Id]) VALUES (N'ORT3020', 16)
INSERT INTO [dbo].[ProcedureTypeWards] ([ProcedureType_Id], [Ward_Id]) VALUES (N'ORT3021', 16)
INSERT INTO [dbo].[ProcedureTypeWards] ([ProcedureType_Id], [Ward_Id]) VALUES (N'ORT3022', 16)
INSERT INTO [dbo].[ProcedureTypeWards] ([ProcedureType_Id], [Ward_Id]) VALUES (N'ORT4001', 16)
INSERT INTO [dbo].[ProcedureTypeWards] ([ProcedureType_Id], [Ward_Id]) VALUES (N'ORT4002', 16)
INSERT INTO [dbo].[ProcedureTypeWards] ([ProcedureType_Id], [Ward_Id]) VALUES (N'ORT4003', 16)
INSERT INTO [dbo].[ProcedureTypeWards] ([ProcedureType_Id], [Ward_Id]) VALUES (N'ORT4004', 16)
INSERT INTO [dbo].[ProcedureTypeWards] ([ProcedureType_Id], [Ward_Id]) VALUES (N'ORT4005', 16)
INSERT INTO [dbo].[ProcedureTypeWards] ([ProcedureType_Id], [Ward_Id]) VALUES (N'ORT4006', 16)
INSERT INTO [dbo].[ProcedureTypeWards] ([ProcedureType_Id], [Ward_Id]) VALUES (N'ORT4007', 16)
INSERT INTO [dbo].[ProcedureTypeWards] ([ProcedureType_Id], [Ward_Id]) VALUES (N'ORT4008', 16)
INSERT INTO [dbo].[ProcedureTypeWards] ([ProcedureType_Id], [Ward_Id]) VALUES (N'ORT5001', 16)
INSERT INTO [dbo].[ProcedureTypeWards] ([ProcedureType_Id], [Ward_Id]) VALUES (N'ORT5002', 16)
INSERT INTO [dbo].[ProcedureTypeWards] ([ProcedureType_Id], [Ward_Id]) VALUES (N'ORT5003', 16)
INSERT INTO [dbo].[ProcedureTypeWards] ([ProcedureType_Id], [Ward_Id]) VALUES (N'ORT5004', 16)
INSERT INTO [dbo].[ProcedureTypeWards] ([ProcedureType_Id], [Ward_Id]) VALUES (N'ORT5005', 16)
INSERT INTO [dbo].[ProcedureTypeWards] ([ProcedureType_Id], [Ward_Id]) VALUES (N'ORT5006', 16)
INSERT INTO [dbo].[ProcedureTypeWards] ([ProcedureType_Id], [Ward_Id]) VALUES (N'ORT5007', 16)
INSERT INTO [dbo].[ProcedureTypeWards] ([ProcedureType_Id], [Ward_Id]) VALUES (N'ORT5008', 16)
INSERT INTO [dbo].[ProcedureTypeWards] ([ProcedureType_Id], [Ward_Id]) VALUES (N'ORT5009', 16)
INSERT INTO [dbo].[ProcedureTypeWards] ([ProcedureType_Id], [Ward_Id]) VALUES (N'ORT5010', 16)
INSERT INTO [dbo].[ProcedureTypeWards] ([ProcedureType_Id], [Ward_Id]) VALUES (N'ORT5011', 16)
INSERT INTO [dbo].[ProcedureTypeWards] ([ProcedureType_Id], [Ward_Id]) VALUES (N'ORT6001', 16)
INSERT INTO [dbo].[ProcedureTypeWards] ([ProcedureType_Id], [Ward_Id]) VALUES (N'ORT6002', 16)
INSERT INTO [dbo].[ProcedureTypeWards] ([ProcedureType_Id], [Ward_Id]) VALUES (N'ORT6003', 16)
INSERT INTO [dbo].[ProcedureTypeWards] ([ProcedureType_Id], [Ward_Id]) VALUES (N'ORT6004', 16)
INSERT INTO [dbo].[ProcedureTypeWards] ([ProcedureType_Id], [Ward_Id]) VALUES (N'ORT6005', 16)
INSERT INTO [dbo].[ProcedureTypeWards] ([ProcedureType_Id], [Ward_Id]) VALUES (N'ORT6006', 16)
INSERT INTO [dbo].[ProcedureTypeWards] ([ProcedureType_Id], [Ward_Id]) VALUES (N'ORT6007', 16)
INSERT INTO [dbo].[ProcedureTypeWards] ([ProcedureType_Id], [Ward_Id]) VALUES (N'ORT6008', 16)
INSERT INTO [dbo].[ProcedureTypeWards] ([ProcedureType_Id], [Ward_Id]) VALUES (N'ORT6009', 16)
INSERT INTO [dbo].[ProcedureTypeWards] ([ProcedureType_Id], [Ward_Id]) VALUES (N'ORT6010', 16)
INSERT INTO [dbo].[ProcedureTypeWards] ([ProcedureType_Id], [Ward_Id]) VALUES (N'ORT6011', 16)
INSERT INTO [dbo].[ProcedureTypeWards] ([ProcedureType_Id], [Ward_Id]) VALUES (N'ORT6012', 16)
INSERT INTO [dbo].[ProcedureTypeWards] ([ProcedureType_Id], [Ward_Id]) VALUES (N'ORT6013', 16)
INSERT INTO [dbo].[ProcedureTypeWards] ([ProcedureType_Id], [Ward_Id]) VALUES (N'ORT6014', 16)
INSERT INTO [dbo].[ProcedureTypeWards] ([ProcedureType_Id], [Ward_Id]) VALUES (N'ORT6015', 16)
INSERT INTO [dbo].[ProcedureTypeWards] ([ProcedureType_Id], [Ward_Id]) VALUES (N'ORT6016', 16)
INSERT INTO [dbo].[ProcedureTypeWards] ([ProcedureType_Id], [Ward_Id]) VALUES (N'ORT7001', 16)
INSERT INTO [dbo].[ProcedureTypeWards] ([ProcedureType_Id], [Ward_Id]) VALUES (N'ORT7002', 16)
INSERT INTO [dbo].[ProcedureTypeWards] ([ProcedureType_Id], [Ward_Id]) VALUES (N'ORT7003', 16)
INSERT INTO [dbo].[ProcedureTypeWards] ([ProcedureType_Id], [Ward_Id]) VALUES (N'ORT7004', 16)
INSERT INTO [dbo].[ProcedureTypeWards] ([ProcedureType_Id], [Ward_Id]) VALUES (N'ORT7005', 16)
INSERT INTO [dbo].[ProcedureTypeWards] ([ProcedureType_Id], [Ward_Id]) VALUES (N'ORT7006', 16)
INSERT INTO [dbo].[ProcedureTypeWards] ([ProcedureType_Id], [Ward_Id]) VALUES (N'ORT7007', 16)
INSERT INTO [dbo].[ProcedureTypeWards] ([ProcedureType_Id], [Ward_Id]) VALUES (N'ORT7008', 16)
INSERT INTO [dbo].[ProcedureTypeWards] ([ProcedureType_Id], [Ward_Id]) VALUES (N'ORT7009', 16)
INSERT INTO [dbo].[ProcedureTypeWards] ([ProcedureType_Id], [Ward_Id]) VALUES (N'ORT8001', 16)
INSERT INTO [dbo].[ProcedureTypeWards] ([ProcedureType_Id], [Ward_Id]) VALUES (N'ORT8002', 16)
INSERT INTO [dbo].[ProcedureTypeWards] ([ProcedureType_Id], [Ward_Id]) VALUES (N'ORT8003', 16)
INSERT INTO [dbo].[ProcedureTypeWards] ([ProcedureType_Id], [Ward_Id]) VALUES (N'ORT8004', 16)
INSERT INTO [dbo].[ProcedureTypeWards] ([ProcedureType_Id], [Ward_Id]) VALUES (N'ORT8005', 16)
INSERT INTO [dbo].[ProcedureTypeWards] ([ProcedureType_Id], [Ward_Id]) VALUES (N'ORT8006', 16)
INSERT INTO [dbo].[ProcedureTypeWards] ([ProcedureType_Id], [Ward_Id]) VALUES (N'ORT8007', 16)
INSERT INTO [dbo].[ProcedureTypeWards] ([ProcedureType_Id], [Ward_Id]) VALUES (N'ORT8008', 16)
INSERT INTO [dbo].[ProcedureTypeWards] ([ProcedureType_Id], [Ward_Id]) VALUES (N'ORT8009', 16)
INSERT INTO [dbo].[ProcedureTypeWards] ([ProcedureType_Id], [Ward_Id]) VALUES (N'ORT8010', 16)
INSERT INTO [dbo].[ProcedureTypeWards] ([ProcedureType_Id], [Ward_Id]) VALUES (N'ORT8011', 16)
INSERT INTO [dbo].[ProcedureTypeWards] ([ProcedureType_Id], [Ward_Id]) VALUES (N'ORT8012', 16)
INSERT INTO [dbo].[ProcedureTypeWards] ([ProcedureType_Id], [Ward_Id]) VALUES (N'ORT8013', 16)
INSERT INTO [dbo].[ProcedureTypeWards] ([ProcedureType_Id], [Ward_Id]) VALUES (N'ORT8014', 16)
INSERT INTO [dbo].[ProcedureTypeWards] ([ProcedureType_Id], [Ward_Id]) VALUES (N'ORT8015', 16)
INSERT INTO [dbo].[ProcedureTypeWards] ([ProcedureType_Id], [Ward_Id]) VALUES (N'ALT001', 17)
INSERT INTO [dbo].[ProcedureTypeWards] ([ProcedureType_Id], [Ward_Id]) VALUES (N'PLS1001', 17)
INSERT INTO [dbo].[ProcedureTypeWards] ([ProcedureType_Id], [Ward_Id]) VALUES (N'PLS1002', 17)
INSERT INTO [dbo].[ProcedureTypeWards] ([ProcedureType_Id], [Ward_Id]) VALUES (N'PLS1003', 17)
INSERT INTO [dbo].[ProcedureTypeWards] ([ProcedureType_Id], [Ward_Id]) VALUES (N'PLS1004', 17)
INSERT INTO [dbo].[ProcedureTypeWards] ([ProcedureType_Id], [Ward_Id]) VALUES (N'PLS1005', 17)
INSERT INTO [dbo].[ProcedureTypeWards] ([ProcedureType_Id], [Ward_Id]) VALUES (N'PLS2001', 17)
INSERT INTO [dbo].[ProcedureTypeWards] ([ProcedureType_Id], [Ward_Id]) VALUES (N'PLS2002', 17)
INSERT INTO [dbo].[ProcedureTypeWards] ([ProcedureType_Id], [Ward_Id]) VALUES (N'PLS2003', 17)
INSERT INTO [dbo].[ProcedureTypeWards] ([ProcedureType_Id], [Ward_Id]) VALUES (N'PLS2004', 17)
INSERT INTO [dbo].[ProcedureTypeWards] ([ProcedureType_Id], [Ward_Id]) VALUES (N'PLS2005', 17)
INSERT INTO [dbo].[ProcedureTypeWards] ([ProcedureType_Id], [Ward_Id]) VALUES (N'PLS2006', 17)
INSERT INTO [dbo].[ProcedureTypeWards] ([ProcedureType_Id], [Ward_Id]) VALUES (N'PLS2007', 17)
INSERT INTO [dbo].[ProcedureTypeWards] ([ProcedureType_Id], [Ward_Id]) VALUES (N'PLS3001', 17)
INSERT INTO [dbo].[ProcedureTypeWards] ([ProcedureType_Id], [Ward_Id]) VALUES (N'PLS3002', 17)
INSERT INTO [dbo].[ProcedureTypeWards] ([ProcedureType_Id], [Ward_Id]) VALUES (N'PLS3003', 17)
INSERT INTO [dbo].[ProcedureTypeWards] ([ProcedureType_Id], [Ward_Id]) VALUES (N'PLS3004', 17)
INSERT INTO [dbo].[ProcedureTypeWards] ([ProcedureType_Id], [Ward_Id]) VALUES (N'PLS3005', 17)
INSERT INTO [dbo].[ProcedureTypeWards] ([ProcedureType_Id], [Ward_Id]) VALUES (N'PLS3006', 17)
INSERT INTO [dbo].[ProcedureTypeWards] ([ProcedureType_Id], [Ward_Id]) VALUES (N'PLS3007', 17)
INSERT INTO [dbo].[ProcedureTypeWards] ([ProcedureType_Id], [Ward_Id]) VALUES (N'PLS3008', 17)
INSERT INTO [dbo].[ProcedureTypeWards] ([ProcedureType_Id], [Ward_Id]) VALUES (N'PLS3009', 17)
INSERT INTO [dbo].[ProcedureTypeWards] ([ProcedureType_Id], [Ward_Id]) VALUES (N'PLS3010', 17)
INSERT INTO [dbo].[ProcedureTypeWards] ([ProcedureType_Id], [Ward_Id]) VALUES (N'PLS3011', 17)
INSERT INTO [dbo].[ProcedureTypeWards] ([ProcedureType_Id], [Ward_Id]) VALUES (N'PLS3012', 17)
INSERT INTO [dbo].[ProcedureTypeWards] ([ProcedureType_Id], [Ward_Id]) VALUES (N'PLS4001', 17)
INSERT INTO [dbo].[ProcedureTypeWards] ([ProcedureType_Id], [Ward_Id]) VALUES (N'PLS4002', 17)
INSERT INTO [dbo].[ProcedureTypeWards] ([ProcedureType_Id], [Ward_Id]) VALUES (N'PLS4003', 17)
INSERT INTO [dbo].[ProcedureTypeWards] ([ProcedureType_Id], [Ward_Id]) VALUES (N'PLS4004', 17)
INSERT INTO [dbo].[ProcedureTypeWards] ([ProcedureType_Id], [Ward_Id]) VALUES (N'PLS4005', 17)
INSERT INTO [dbo].[ProcedureTypeWards] ([ProcedureType_Id], [Ward_Id]) VALUES (N'PLS4006', 17)
INSERT INTO [dbo].[ProcedureTypeWards] ([ProcedureType_Id], [Ward_Id]) VALUES (N'PLS4007', 17)
INSERT INTO [dbo].[ProcedureTypeWards] ([ProcedureType_Id], [Ward_Id]) VALUES (N'PLS4008', 17)
INSERT INTO [dbo].[ProcedureTypeWards] ([ProcedureType_Id], [Ward_Id]) VALUES (N'PLS5001', 17)
INSERT INTO [dbo].[ProcedureTypeWards] ([ProcedureType_Id], [Ward_Id]) VALUES (N'PLS5002', 17)
INSERT INTO [dbo].[ProcedureTypeWards] ([ProcedureType_Id], [Ward_Id]) VALUES (N'PLS5003', 17)
INSERT INTO [dbo].[ProcedureTypeWards] ([ProcedureType_Id], [Ward_Id]) VALUES (N'PLS6001', 17)
INSERT INTO [dbo].[ProcedureTypeWards] ([ProcedureType_Id], [Ward_Id]) VALUES (N'PLS6002', 17)
INSERT INTO [dbo].[ProcedureTypeWards] ([ProcedureType_Id], [Ward_Id]) VALUES (N'PLS7001', 17)
INSERT INTO [dbo].[ProcedureTypeWards] ([ProcedureType_Id], [Ward_Id]) VALUES (N'PLS7002', 17)
INSERT INTO [dbo].[ProcedureTypeWards] ([ProcedureType_Id], [Ward_Id]) VALUES (N'PLS7003', 17)
INSERT INTO [dbo].[ProcedureTypeWards] ([ProcedureType_Id], [Ward_Id]) VALUES (N'PLS7004', 17)
INSERT INTO [dbo].[ProcedureTypeWards] ([ProcedureType_Id], [Ward_Id]) VALUES (N'PLS7005', 17)
INSERT INTO [dbo].[ProcedureTypeWards] ([ProcedureType_Id], [Ward_Id]) VALUES (N'PLS7006', 17)
INSERT INTO [dbo].[ProcedureTypeWards] ([ProcedureType_Id], [Ward_Id]) VALUES (N'PLS7007', 17)
INSERT INTO [dbo].[ProcedureTypeWards] ([ProcedureType_Id], [Ward_Id]) VALUES (N'ALT001', 18)
INSERT INTO [dbo].[ProcedureTypeWards] ([ProcedureType_Id], [Ward_Id]) VALUES (N'PRO1001', 18)
INSERT INTO [dbo].[ProcedureTypeWards] ([ProcedureType_Id], [Ward_Id]) VALUES (N'PRO1002', 18)
INSERT INTO [dbo].[ProcedureTypeWards] ([ProcedureType_Id], [Ward_Id]) VALUES (N'PRO1003', 18)
INSERT INTO [dbo].[ProcedureTypeWards] ([ProcedureType_Id], [Ward_Id]) VALUES (N'ALT001', 19)
INSERT INTO [dbo].[ProcedureTypeWards] ([ProcedureType_Id], [Ward_Id]) VALUES (N'PSI1001', 19)
INSERT INTO [dbo].[ProcedureTypeWards] ([ProcedureType_Id], [Ward_Id]) VALUES (N'PSI1002', 19)
INSERT INTO [dbo].[ProcedureTypeWards] ([ProcedureType_Id], [Ward_Id]) VALUES (N'ALT001', 20)
INSERT INTO [dbo].[ProcedureTypeWards] ([ProcedureType_Id], [Ward_Id]) VALUES (N'PUL1001', 20)
INSERT INTO [dbo].[ProcedureTypeWards] ([ProcedureType_Id], [Ward_Id]) VALUES (N'PUL1002', 20)
INSERT INTO [dbo].[ProcedureTypeWards] ([ProcedureType_Id], [Ward_Id]) VALUES (N'PUL1003', 20)
INSERT INTO [dbo].[ProcedureTypeWards] ([ProcedureType_Id], [Ward_Id]) VALUES (N'PUL1004', 20)
INSERT INTO [dbo].[ProcedureTypeWards] ([ProcedureType_Id], [Ward_Id]) VALUES (N'PUL1005', 20)
INSERT INTO [dbo].[ProcedureTypeWards] ([ProcedureType_Id], [Ward_Id]) VALUES (N'ALT001', 21)
INSERT INTO [dbo].[ProcedureTypeWards] ([ProcedureType_Id], [Ward_Id]) VALUES (N'RAD1001', 21)
INSERT INTO [dbo].[ProcedureTypeWards] ([ProcedureType_Id], [Ward_Id]) VALUES (N'RAD1002', 21)
INSERT INTO [dbo].[ProcedureTypeWards] ([ProcedureType_Id], [Ward_Id]) VALUES (N'RAD1003', 21)
INSERT INTO [dbo].[ProcedureTypeWards] ([ProcedureType_Id], [Ward_Id]) VALUES (N'RAD1004', 21)
INSERT INTO [dbo].[ProcedureTypeWards] ([ProcedureType_Id], [Ward_Id]) VALUES (N'RAD1005', 21)
INSERT INTO [dbo].[ProcedureTypeWards] ([ProcedureType_Id], [Ward_Id]) VALUES (N'RAD1006', 21)
INSERT INTO [dbo].[ProcedureTypeWards] ([ProcedureType_Id], [Ward_Id]) VALUES (N'RAD1007', 21)
INSERT INTO [dbo].[ProcedureTypeWards] ([ProcedureType_Id], [Ward_Id]) VALUES (N'ALT001', 22)
INSERT INTO [dbo].[ProcedureTypeWards] ([ProcedureType_Id], [Ward_Id]) VALUES (N'REU1001', 22)
INSERT INTO [dbo].[ProcedureTypeWards] ([ProcedureType_Id], [Ward_Id]) VALUES (N'REU1002', 22)
INSERT INTO [dbo].[ProcedureTypeWards] ([ProcedureType_Id], [Ward_Id]) VALUES (N'REU1003', 22)
INSERT INTO [dbo].[ProcedureTypeWards] ([ProcedureType_Id], [Ward_Id]) VALUES (N'REU1004', 22)
INSERT INTO [dbo].[ProcedureTypeWards] ([ProcedureType_Id], [Ward_Id]) VALUES (N'REU1005', 22)
INSERT INTO [dbo].[ProcedureTypeWards] ([ProcedureType_Id], [Ward_Id]) VALUES (N'REU1006', 22)
INSERT INTO [dbo].[ProcedureTypeWards] ([ProcedureType_Id], [Ward_Id]) VALUES (N'REU1007', 22)
INSERT INTO [dbo].[ProcedureTypeWards] ([ProcedureType_Id], [Ward_Id]) VALUES (N'ALR1005', 23)
INSERT INTO [dbo].[ProcedureTypeWards] ([ProcedureType_Id], [Ward_Id]) VALUES (N'ALT001', 23)
INSERT INTO [dbo].[ProcedureTypeWards] ([ProcedureType_Id], [Ward_Id]) VALUES (N'ANE1001', 23)
INSERT INTO [dbo].[ProcedureTypeWards] ([ProcedureType_Id], [Ward_Id]) VALUES (N'SEB1001', 23)
INSERT INTO [dbo].[ProcedureTypeWards] ([ProcedureType_Id], [Ward_Id]) VALUES (N'SEB1002', 23)
INSERT INTO [dbo].[ProcedureTypeWards] ([ProcedureType_Id], [Ward_Id]) VALUES (N'SEB1003', 23)
INSERT INTO [dbo].[ProcedureTypeWards] ([ProcedureType_Id], [Ward_Id]) VALUES (N'SEB1004', 23)
INSERT INTO [dbo].[ProcedureTypeWards] ([ProcedureType_Id], [Ward_Id]) VALUES (N'SEB1005', 23)
INSERT INTO [dbo].[ProcedureTypeWards] ([ProcedureType_Id], [Ward_Id]) VALUES (N'SEB1006', 23)
INSERT INTO [dbo].[ProcedureTypeWards] ([ProcedureType_Id], [Ward_Id]) VALUES (N'SEB1007', 23)
INSERT INTO [dbo].[ProcedureTypeWards] ([ProcedureType_Id], [Ward_Id]) VALUES (N'SEB1008', 23)
INSERT INTO [dbo].[ProcedureTypeWards] ([ProcedureType_Id], [Ward_Id]) VALUES (N'SEB1009', 23)
INSERT INTO [dbo].[ProcedureTypeWards] ([ProcedureType_Id], [Ward_Id]) VALUES (N'SEB1010', 23)
INSERT INTO [dbo].[ProcedureTypeWards] ([ProcedureType_Id], [Ward_Id]) VALUES (N'SEB1011', 23)
INSERT INTO [dbo].[ProcedureTypeWards] ([ProcedureType_Id], [Ward_Id]) VALUES (N'SEB1012', 23)
INSERT INTO [dbo].[ProcedureTypeWards] ([ProcedureType_Id], [Ward_Id]) VALUES (N'SEB1013', 23)
INSERT INTO [dbo].[ProcedureTypeWards] ([ProcedureType_Id], [Ward_Id]) VALUES (N'SEB1014', 23)
INSERT INTO [dbo].[ProcedureTypeWards] ([ProcedureType_Id], [Ward_Id]) VALUES (N'SEB1015', 23)
INSERT INTO [dbo].[ProcedureTypeWards] ([ProcedureType_Id], [Ward_Id]) VALUES (N'SEB1016', 23)
INSERT INTO [dbo].[ProcedureTypeWards] ([ProcedureType_Id], [Ward_Id]) VALUES (N'SEB1017', 23)
INSERT INTO [dbo].[ProcedureTypeWards] ([ProcedureType_Id], [Ward_Id]) VALUES (N'SEB1018', 23)
INSERT INTO [dbo].[ProcedureTypeWards] ([ProcedureType_Id], [Ward_Id]) VALUES (N'SEB1019', 23)
INSERT INTO [dbo].[ProcedureTypeWards] ([ProcedureType_Id], [Ward_Id]) VALUES (N'SEB1020', 23)
INSERT INTO [dbo].[ProcedureTypeWards] ([ProcedureType_Id], [Ward_Id]) VALUES (N'SEB1021', 23)
INSERT INTO [dbo].[ProcedureTypeWards] ([ProcedureType_Id], [Ward_Id]) VALUES (N'SEB1022', 23)
INSERT INTO [dbo].[ProcedureTypeWards] ([ProcedureType_Id], [Ward_Id]) VALUES (N'SEB1023', 23)
INSERT INTO [dbo].[ProcedureTypeWards] ([ProcedureType_Id], [Ward_Id]) VALUES (N'SEB1024', 23)
INSERT INTO [dbo].[ProcedureTypeWards] ([ProcedureType_Id], [Ward_Id]) VALUES (N'SEB1025', 23)
INSERT INTO [dbo].[ProcedureTypeWards] ([ProcedureType_Id], [Ward_Id]) VALUES (N'SEB1026', 23)
INSERT INTO [dbo].[ProcedureTypeWards] ([ProcedureType_Id], [Ward_Id]) VALUES (N'SEB1027', 23)
INSERT INTO [dbo].[ProcedureTypeWards] ([ProcedureType_Id], [Ward_Id]) VALUES (N'SEB1028', 23)
INSERT INTO [dbo].[ProcedureTypeWards] ([ProcedureType_Id], [Ward_Id]) VALUES (N'SEB1029', 23)
INSERT INTO [dbo].[ProcedureTypeWards] ([ProcedureType_Id], [Ward_Id]) VALUES (N'SEB1030', 23)
INSERT INTO [dbo].[ProcedureTypeWards] ([ProcedureType_Id], [Ward_Id]) VALUES (N'SEB1031', 23)
INSERT INTO [dbo].[ProcedureTypeWards] ([ProcedureType_Id], [Ward_Id]) VALUES (N'SEB1032', 23)
INSERT INTO [dbo].[ProcedureTypeWards] ([ProcedureType_Id], [Ward_Id]) VALUES (N'SEB1033', 23)
INSERT INTO [dbo].[ProcedureTypeWards] ([ProcedureType_Id], [Ward_Id]) VALUES (N'SEB1034', 23)
INSERT INTO [dbo].[ProcedureTypeWards] ([ProcedureType_Id], [Ward_Id]) VALUES (N'SEB1035', 23)
INSERT INTO [dbo].[ProcedureTypeWards] ([ProcedureType_Id], [Ward_Id]) VALUES (N'SEB1036', 23)
INSERT INTO [dbo].[ProcedureTypeWards] ([ProcedureType_Id], [Ward_Id]) VALUES (N'SEB1037', 23)
INSERT INTO [dbo].[ProcedureTypeWards] ([ProcedureType_Id], [Ward_Id]) VALUES (N'SEB1038', 23)
INSERT INTO [dbo].[ProcedureTypeWards] ([ProcedureType_Id], [Ward_Id]) VALUES (N'SEB1039', 23)
INSERT INTO [dbo].[ProcedureTypeWards] ([ProcedureType_Id], [Ward_Id]) VALUES (N'SEB1040', 23)
INSERT INTO [dbo].[ProcedureTypeWards] ([ProcedureType_Id], [Ward_Id]) VALUES (N'SEB1041', 23)
INSERT INTO [dbo].[ProcedureTypeWards] ([ProcedureType_Id], [Ward_Id]) VALUES (N'SEB1042', 23)
INSERT INTO [dbo].[ProcedureTypeWards] ([ProcedureType_Id], [Ward_Id]) VALUES (N'SEB1043', 23)
INSERT INTO [dbo].[ProcedureTypeWards] ([ProcedureType_Id], [Ward_Id]) VALUES (N'SEB1044', 23)
INSERT INTO [dbo].[ProcedureTypeWards] ([ProcedureType_Id], [Ward_Id]) VALUES (N'SEB1045', 23)
INSERT INTO [dbo].[ProcedureTypeWards] ([ProcedureType_Id], [Ward_Id]) VALUES (N'ALT001', 24)
INSERT INTO [dbo].[ProcedureTypeWards] ([ProcedureType_Id], [Ward_Id]) VALUES (N'SZE1001', 24)
INSERT INTO [dbo].[ProcedureTypeWards] ([ProcedureType_Id], [Ward_Id]) VALUES (N'SZE1002', 24)
INSERT INTO [dbo].[ProcedureTypeWards] ([ProcedureType_Id], [Ward_Id]) VALUES (N'SZE1003', 24)
INSERT INTO [dbo].[ProcedureTypeWards] ([ProcedureType_Id], [Ward_Id]) VALUES (N'SZE1004', 24)
INSERT INTO [dbo].[ProcedureTypeWards] ([ProcedureType_Id], [Ward_Id]) VALUES (N'SZE1005', 24)
INSERT INTO [dbo].[ProcedureTypeWards] ([ProcedureType_Id], [Ward_Id]) VALUES (N'SZE1006', 24)
INSERT INTO [dbo].[ProcedureTypeWards] ([ProcedureType_Id], [Ward_Id]) VALUES (N'ALT001', 25)
INSERT INTO [dbo].[ProcedureTypeWards] ([ProcedureType_Id], [Ward_Id]) VALUES (N'SZO1001', 25)
INSERT INTO [dbo].[ProcedureTypeWards] ([ProcedureType_Id], [Ward_Id]) VALUES (N'SZO1002', 25)
INSERT INTO [dbo].[ProcedureTypeWards] ([ProcedureType_Id], [Ward_Id]) VALUES (N'ALT001', 26)
INSERT INTO [dbo].[ProcedureTypeWards] ([ProcedureType_Id], [Ward_Id]) VALUES (N'URO1001', 26)
INSERT INTO [dbo].[ProcedureTypeWards] ([ProcedureType_Id], [Ward_Id]) VALUES (N'URO1002', 26)
INSERT INTO [dbo].[ProcedureTypeWards] ([ProcedureType_Id], [Ward_Id]) VALUES (N'URO1003', 26)
INSERT INTO [dbo].[ProcedureTypeWards] ([ProcedureType_Id], [Ward_Id]) VALUES (N'URO1004', 26)
INSERT INTO [dbo].[ProcedureTypeWards] ([ProcedureType_Id], [Ward_Id]) VALUES (N'URO1005', 26)
INSERT INTO [dbo].[ProcedureTypeWards] ([ProcedureType_Id], [Ward_Id]) VALUES (N'URO1006', 26)
INSERT INTO [dbo].[ProcedureTypeWards] ([ProcedureType_Id], [Ward_Id]) VALUES (N'URO1007', 26)
INSERT INTO [dbo].[ProcedureTypeWards] ([ProcedureType_Id], [Ward_Id]) VALUES (N'URO1008', 26)
INSERT INTO [dbo].[ProcedureTypeWards] ([ProcedureType_Id], [Ward_Id]) VALUES (N'URO1009', 26)
INSERT INTO [dbo].[ProcedureTypeWards] ([ProcedureType_Id], [Ward_Id]) VALUES (N'URO1010', 26)
INSERT INTO [dbo].[ProcedureTypeWards] ([ProcedureType_Id], [Ward_Id]) VALUES (N'URO1011', 26)
INSERT INTO [dbo].[ProcedureTypeWards] ([ProcedureType_Id], [Ward_Id]) VALUES (N'URO1012', 26)
INSERT INTO [dbo].[ProcedureTypeWards] ([ProcedureType_Id], [Ward_Id]) VALUES (N'URO1013', 26)
INSERT INTO [dbo].[ProcedureTypeWards] ([ProcedureType_Id], [Ward_Id]) VALUES (N'URO1014', 26)
INSERT INTO [dbo].[ProcedureTypeWards] ([ProcedureType_Id], [Ward_Id]) VALUES (N'URO1015', 26)
INSERT INTO [dbo].[ProcedureTypeWards] ([ProcedureType_Id], [Ward_Id]) VALUES (N'URO1016', 26)
INSERT INTO [dbo].[ProcedureTypeWards] ([ProcedureType_Id], [Ward_Id]) VALUES (N'URO1017', 26)
INSERT INTO [dbo].[ProcedureTypeWards] ([ProcedureType_Id], [Ward_Id]) VALUES (N'URO1018', 26)
INSERT INTO [dbo].[ProcedureTypeWards] ([ProcedureType_Id], [Ward_Id]) VALUES (N'URO1019', 26)
INSERT INTO [dbo].[ProcedureTypeWards] ([ProcedureType_Id], [Ward_Id]) VALUES (N'URO1020', 26)
INSERT INTO [dbo].[ProcedureTypeWards] ([ProcedureType_Id], [Ward_Id]) VALUES (N'URO1021', 26)
INSERT INTO [dbo].[ProcedureTypeWards] ([ProcedureType_Id], [Ward_Id]) VALUES (N'URO1022', 26)
INSERT INTO [dbo].[ProcedureTypeWards] ([ProcedureType_Id], [Ward_Id]) VALUES (N'URO1023', 26)
INSERT INTO [dbo].[ProcedureTypeWards] ([ProcedureType_Id], [Ward_Id]) VALUES (N'URO1024', 26)
INSERT INTO [dbo].[ProcedureTypeWards] ([ProcedureType_Id], [Ward_Id]) VALUES (N'URO1025', 26)
INSERT INTO [dbo].[ProcedureTypeWards] ([ProcedureType_Id], [Ward_Id]) VALUES (N'URO1026', 26)
INSERT INTO [dbo].[ProcedureTypeWards] ([ProcedureType_Id], [Ward_Id]) VALUES (N'URO1027', 26)
INSERT INTO [dbo].[ProcedureTypeWards] ([ProcedureType_Id], [Ward_Id]) VALUES (N'URO1028', 26)
INSERT INTO [dbo].[ProcedureTypeWards] ([ProcedureType_Id], [Ward_Id]) VALUES (N'URO1029', 26)
INSERT INTO [dbo].[ProcedureTypeWards] ([ProcedureType_Id], [Ward_Id]) VALUES (N'admin', 30)
INSERT INTO [dbo].[ProcedureTypeWards] ([ProcedureType_Id], [Ward_Id]) VALUES (N'data', 30)
INSERT INTO [dbo].[ProcedureTypeWards] ([ProcedureType_Id], [Ward_Id]) VALUES (N'doctor', 30)
INSERT INTO [dbo].[ProcedureTypeWards] ([ProcedureType_Id], [Ward_Id]) VALUES (N'labor', 30)
INSERT INTO [dbo].[ProcedureTypeWards] ([ProcedureType_Id], [Ward_Id]) VALUES (N'nurse', 30)
===========================================================================================================================
SET IDENTITY_INSERT [dbo].[Wards] ON
INSERT INTO [dbo].[Wards] ([Id], [Name], [Email], [Phone], [Web], [Manager_Username], [Department_Id]) VALUES (2, N'allergológia', N'allergológia@hubasky.hu', N'1100', N'http://allergológia.hubasky.hu', N'tesztuser0', 5)
INSERT INTO [dbo].[Wards] ([Id], [Name], [Email], [Phone], [Web], [Manager_Username], [Department_Id]) VALUES (3, N'aneszteziológia', N'aneszteziológia@hubasky.hu', N'1101', N'http://aneszteziológia.hubasky.hu', N'tesztuser1', 5)
INSERT INTO [dbo].[Wards] ([Id], [Name], [Email], [Phone], [Web], [Manager_Username], [Department_Id]) VALUES (4, N'belgyógyászat', N'belgyógyászat@hubasky.hu', N'1102', N'http://belgyógyászat.hubasky.hu', N'tesztuser2', 5)
INSERT INTO [dbo].[Wards] ([Id], [Name], [Email], [Phone], [Web], [Manager_Username], [Department_Id]) VALUES (5, N'bőrgyógyászat', N'bőrgyógyászat@hubasky.hu', N'1103', N'http://bőrgyógyászat.hubasky.hu', N'tesztuser3', 5)
INSERT INTO [dbo].[Wards] ([Id], [Name], [Email], [Phone], [Web], [Manager_Username], [Department_Id]) VALUES (6, N'diabetológia', N'diabetológia@hubasky.hu', N'1104', N'http://diabetológia.hubasky.hu', N'tesztuser4', 5)
INSERT INTO [dbo].[Wards] ([Id], [Name], [Email], [Phone], [Web], [Manager_Username], [Department_Id]) VALUES (7, N'dietetika', N'dietetika@hubasky.hu', N'1105', N'http://dietetika.hubasky.hu', N'tesztuser5', 5)
INSERT INTO [dbo].[Wards] ([Id], [Name], [Email], [Phone], [Web], [Manager_Username], [Department_Id]) VALUES (8, N'endokrinológia', N'endokrinológia@hubasky.hu', N'1106', N'http://endokrinológia.hubasky.hu', N'tesztuser6', 5)
INSERT INTO [dbo].[Wards] ([Id], [Name], [Email], [Phone], [Web], [Manager_Username], [Department_Id]) VALUES (9, N'érsebészet', N'érsebészet@hubasky.hu', N'1107', N'http://érsebészet.hubasky.hu', N'tesztuser7', 2)
INSERT INTO [dbo].[Wards] ([Id], [Name], [Email], [Phone], [Web], [Manager_Username], [Department_Id]) VALUES (10, N'fül-orr-gégészet', N'fül-orr-gégészet@hubasky.hu', N'1108', N'http://fül-orr-gégészet.hubasky.hu', N'tesztuser8', 5)
INSERT INTO [dbo].[Wards] ([Id], [Name], [Email], [Phone], [Web], [Manager_Username], [Department_Id]) VALUES (11, N'gasztroenterológia', N'gasztroenterológia@hubasky.hu', N'1109', N'http://gasztroenterológia.hubasky.hu', N'tesztuser9', 5)
INSERT INTO [dbo].[Wards] ([Id], [Name], [Email], [Phone], [Web], [Manager_Username], [Department_Id]) VALUES (12, N'immunológia', N'immunológia@hubasky.hu', N'11010', N'http://immunológia.hubasky.hu', N'tesztuser10', 5)
INSERT INTO [dbo].[Wards] ([Id], [Name], [Email], [Phone], [Web], [Manager_Username], [Department_Id]) VALUES (13, N'kardiológia', N'kardiológia@hubasky.hu', N'11011', N'http://kardiológia.hubasky.hu', N'tesztuser11', 5)
INSERT INTO [dbo].[Wards] ([Id], [Name], [Email], [Phone], [Web], [Manager_Username], [Department_Id]) VALUES (14, N'neurológia', N'neurológia@hubasky.hu', N'11012', N'http://neurológia.hubasky.hu', N'tesztuser12', 5)
INSERT INTO [dbo].[Wards] ([Id], [Name], [Email], [Phone], [Web], [Manager_Username], [Department_Id]) VALUES (15, N'nőgyógyászat', N'nőgyógyászat@hubasky.hu', N'11013', N'http://nőgyógyászat.hubasky.hu', N'tesztuser13', 5)
INSERT INTO [dbo].[Wards] ([Id], [Name], [Email], [Phone], [Web], [Manager_Username], [Department_Id]) VALUES (16, N'ortopédia', N'ortopédia@hubasky.hu', N'11014', N'http://ortopédia.hubasky.hu', N'tesztuser14', 5)
INSERT INTO [dbo].[Wards] ([Id], [Name], [Email], [Phone], [Web], [Manager_Username], [Department_Id]) VALUES (17, N'plasztikai sebészet', N'plasztikai sebészet@hubasky.hu', N'11015', N'http://plasztikai sebészet.hubasky.hu', N'tesztuser15', 4)
INSERT INTO [dbo].[Wards] ([Id], [Name], [Email], [Phone], [Web], [Manager_Username], [Department_Id]) VALUES (18, N'proktológia', N'proktológia@hubasky.hu', N'11016', N'http://proktológia.hubasky.hu', N'tesztuser16', 5)
INSERT INTO [dbo].[Wards] ([Id], [Name], [Email], [Phone], [Web], [Manager_Username], [Department_Id]) VALUES (19, N'pszichiátria', N'pszichiátria@hubasky.hu', N'11017', N'http://pszichiátria.hubasky.hu', N'tesztuser17', 3)
INSERT INTO [dbo].[Wards] ([Id], [Name], [Email], [Phone], [Web], [Manager_Username], [Department_Id]) VALUES (20, N'pulmonológia', N'pulmonológia@hubasky.hu', N'11018', N'http://pulmonológia.hubasky.hu', N'tesztuser18', 5)
INSERT INTO [dbo].[Wards] ([Id], [Name], [Email], [Phone], [Web], [Manager_Username], [Department_Id]) VALUES (21, N'radiológia', N'radiológia@hubasky.hu', N'11019', N'http://radiológia.hubasky.hu', N'roli', 5)
INSERT INTO [dbo].[Wards] ([Id], [Name], [Email], [Phone], [Web], [Manager_Username], [Department_Id]) VALUES (22, N'reumatológia', N'reumatológia@hubasky.hu', N'11020', N'http://reumatológia.hubasky.hu', N'tesztuser20', 5)
INSERT INTO [dbo].[Wards] ([Id], [Name], [Email], [Phone], [Web], [Manager_Username], [Department_Id]) VALUES (23, N'sebészet', N'sebészet@hubasky.hu', N'11021', N'http://sebészet.hubasky.hu', N'tesztuser21', 2)
INSERT INTO [dbo].[Wards] ([Id], [Name], [Email], [Phone], [Web], [Manager_Username], [Department_Id]) VALUES (24, N'szemészet', N'szemészet@hubasky.hu', N'11022', N'http://szemészet.hubasky.hu', N'tesztuser22', 5)
INSERT INTO [dbo].[Wards] ([Id], [Name], [Email], [Phone], [Web], [Manager_Username], [Department_Id]) VALUES (25, N'szommológia', N'szommológia@hubasky.hu', N'11023', N'http://szommológia.hubasky.hu', N'tesztuser23', 5)
INSERT INTO [dbo].[Wards] ([Id], [Name], [Email], [Phone], [Web], [Manager_Username], [Department_Id]) VALUES (26, N'urológia', N'urológia@hubasky.hu', N'11024', N'http://urológia.hubasky.hu', N'tesztuser24', 5)
INSERT INTO [dbo].[Wards] ([Id], [Name], [Email], [Phone], [Web], [Manager_Username], [Department_Id]) VALUES (30, N'Teszt Osztály', N'-', N'-', N'-', NULL, 10)
SET IDENTITY_INSERT [dbo].[Wards] OFF
===========================================================================================================================7